rank,name,team,position,market_value_eur,age,source_url,list_source_url
1,Lamine Yamal,FC Barcelona,Right Winger,200000000,17,https://www.transfermarkt.com/lamine-yamal/profil/spieler/937958,https://www.transfermarkt.com/spieler-statistik/wertvollstespieler/marktwertetop/plus/0/galerie/0?ausrichtung=alle&spielerposition_id=alle&altersklasse=u19&jahrgang=0&land_id=0&kontinent_id=0&jahr=2025&yt0=show&page=1
2,Pau Cubarsí,FC Barcelona,Centre-Back,80000000,17,https://www.transfermarkt.com/pau-cubarsi/profil/spieler/962110,https://www.transfermarkt.com/spieler-statistik/wertvollstespieler/marktwertetop/plus/0/galerie/0?ausrichtung=alle&spielerposition_id=alle&altersklasse=u19&jahrgang=0&land_id=0&kontinent_id=0&jahr=2025&yt0=show&page=1
3,Estêvão,Sociedade Esportiva Palmeiras,Right Winger,80000000,17,https://www.transfermarkt.com/estevao/profil/spieler/1056993,https://www.transfermarkt.com/spieler-statistik/wertvollstespieler/marktwertetop/plus/0/galerie/0?ausrichtung=alle&spielerposition_id=alle&altersklasse=u19&jahrgang=0&land_id=0&kontinent_id=0&jahr=2025&yt0=show&page=1
4,Lennart Karl,Bayern Munich,Attacking Midfield,60000000,16,https://www.transfermarkt.com/lennart-karl/profil/spieler/1075147,https://www.transfermarkt.com/spieler-statistik/wertvollstespieler/marktwertetop/plus/0/galerie/0?ausrichtung=alle&spielerposition_id=alle&altersklasse=u19&jahrgang=0&land_id=0&kontinent_id=0&jahr=2025&yt0=show&page=1
5,Ethan Nwaneri,Arsenal FC,Attacking Midfield,55000000,17,https://www.transfermarkt.com/ethan-nwaneri/profil/spieler/890719,https://www.transfermarkt.com/spieler-statistik/wertvollstespieler/marktwertetop/plus/0/galerie/0?ausrichtung=alle&spielerposition_id=alle&altersklasse=u19&jahrgang=0&land_id=0&kontinent_id=0&jahr=2025&yt0=show&page=1
6,Franco Mastantuono,CA River Plate,Right Winger,50000000,17,https://www.transfermarkt.com/franco-mastantuono/profil/spieler/1057316,https://www.transfermarkt.com/spieler-statistik/wertvollstespieler/marktwertetop/plus/0/galerie/0?ausrichtung=alle&spielerposition_id=alle&altersklasse=u19&jahrgang=0&land_id=0&kontinent_id=0&jahr=2025&yt0=show&page=1
7,Geovany Quenda,Sporting CP,Right Winger,45000000,17,https://www.transfermarkt.com/geovany-quenda/profil/spieler/1138758,https://www.transfermarkt.com/spieler-statistik/wertvollstespieler/marktwertetop/plus/0/galerie/0?ausrichtung=alle&spielerposition_id=alle&altersklasse=u19&jahrgang=0&land_id=0&kontinent_id=0&jahr=2025&yt0=show&page=1
8,Luka Vuskovic,KVC Westerlo,Centre-Back,40000000,17,https://www.transfermarkt.com/luka-vuskovic/profil/spieler/892160,https://www.transfermarkt.com/spieler-statistik/wertvollstespieler/marktwertetop/plus/0/galerie/0?ausrichtung=alle&spielerposition_id=alle&altersklasse=u19&jahrgang=0&land_id=0&kontinent_id=0&jahr=2025&yt0=show&page=1
9,Rodrigo Mora,FC Porto,Attacking Midfield,40000000,17,https://www.transfermarkt.com/rodrigo-mora/profil/spieler/957653,https://www.transfermarkt.com/spieler-statistik/wertvollstespieler/marktwertetop/plus/0/galerie/0?ausrichtung=alle&spielerposition_id=alle&altersklasse=u19&jahrgang=0&land_id=0&kontinent_id=0&jahr=2025&yt0=show&page=1
10,Ayyoub Bouaddi,LOSC Lille,Central Midfield,40000000,17,https://www.transfermarkt.com/ayyoub-bouaddi/profil/spieler/1097139,https://www.transfermarkt.com/spieler-statistik/wertvollstespieler/marktwertetop/plus/0/galerie/0?ausrichtung=alle&spielerposition_id=alle&altersklasse=u19&jahrgang=0&land_id=0&kontinent_id=0&jahr=2025&yt0=show&page=1
11,Konstantinos Karetsas,KRC Genk,Attacking Midfield,28000000,17,https://www.transfermarkt.com/konstantinos-karetsas/profil/spieler/990148,https://www.transfermarkt.com/spieler-statistik/wertvollstespieler/marktwertetop/plus/0/galerie/0?ausrichtung=alle&spielerposition_id=alle&altersklasse=u19&jahrgang=0&land_id=0&kontinent_id=0&jahr=2025&yt0=show&page=1
12,Chris Rigg,Sunderland AFC,Attacking Midfield,25000000,17,https://www.transfermarkt.com/chris-rigg/profil/spieler/947411,https://www.transfermarkt.com/spieler-statistik/wertvollstespieler/marktwertetop/plus/0/galerie/0?ausrichtung=alle&spielerposition_id=alle&altersklasse=u19&jahrgang=0&land_id=0&kontinent_id=0&jahr=2025&yt0=show&page=1
13,Charalampos Kostoulas,Olympiacos Piraeus,Centre-Forward,25000000,17,https://www.transfermarkt.com/charalampos-kostoulas/profil/spieler/1060087,https://www.transfermarkt.com/spieler-statistik/wertvollstespieler/marktwertetop/plus/0/galerie/0?ausrichtung=alle&spielerposition_id=alle&altersklasse=u19&jahrgang=0&land_id=0&kontinent_id=0&jahr=2025&yt0=show&page=1
14,Honest Ahanor,Genoa CFC,Centre-Back,25000000,16,https://www.transfermarkt.com/honest-ahanor/profil/spieler/1077175,https://www.transfermarkt.com/spieler-statistik/wertvollstespieler/marktwertetop/plus/0/galerie/0?ausrichtung=alle&spielerposition_id=alle&altersklasse=u19&jahrgang=0&land_id=0&kontinent_id=0&jahr=2025&yt0=show&page=1
15,Ibrahim Mbaye,Paris Saint-Germain,Right Winger,25000000,16,https://www.transfermarkt.com/ibrahim-mbaye/profil/spieler/1185888,https://www.transfermarkt.com/spieler-statistik/wertvollstespieler/marktwertetop/plus/0/galerie/0?ausrichtung=alle&spielerposition_id=alle&altersklasse=u19&jahrgang=0&land_id=0&kontinent_id=0&jahr=2025&yt0=show&page=1
16,Veljko Milosavljevic,Red Star Belgrade,Centre-Back,20000000,17,https://www.transfermarkt.com/veljko-milosavljevic/profil/spieler/989112,https://www.transfermarkt.com/spieler-statistik/wertvollstespieler/marktwertetop/plus/0/galerie/0?ausrichtung=alle&spielerposition_id=alle&altersklasse=u19&jahrgang=0&land_id=0&kontinent_id=0&jahr=2025&yt0=show&page=1
17,Josh King,Fulham FC,Attacking Midfield,20000000,17,https://www.transfermarkt.com/josh-king/profil/spieler/1011131,https://www.transfermarkt.com/spieler-statistik/wertvollstespieler/marktwertetop/plus/0/galerie/0?ausrichtung=alle&spielerposition_id=alle&altersklasse=u19&jahrgang=0&land_id=0&kontinent_id=0&jahr=2025&yt0=show&page=1
18,Karim Coulibaly,SV Werder Bremen U19,Centre-Back,20000000,17,https://www.transfermarkt.com/karim-coulibaly/profil/spieler/1084638,https://www.transfermarkt.com/spieler-statistik/wertvollstespieler/marktwertetop/plus/0/galerie/0?ausrichtung=alle&spielerposition_id=alle&altersklasse=u19&jahrgang=0&land_id=0&kontinent_id=0&jahr=2025&yt0=show&page=1
19,Max Dowman,Arsenal FC U18,Right Winger,20000000,15,https://www.transfermarkt.com/max-dowman/profil/spieler/1187629,https://www.transfermarkt.com/spieler-statistik/wertvollstespieler/marktwertetop/plus/0/galerie/0?ausrichtung=alle&spielerposition_id=alle&altersklasse=u19&jahrgang=0&land_id=0&kontinent_id=0&jahr=2025&yt0=show&page=1
20,Kennet Eichhorn,Hertha BSC U19,Defensive Midfield,20000000,15,https://www.transfermarkt.com/kennet-eichhorn/profil/spieler/1214123,https://www.transfermarkt.com/spieler-statistik/wertvollstespieler/marktwertetop/plus/0/galerie/0?ausrichtung=alle&spielerposition_id=alle&altersklasse=u19&jahrgang=0&land_id=0&kontinent_id=0&jahr=2025&yt0=show&page=1
21,Mikey Moore,Tottenham Hotspur,Right Winger,18000000,17,https://www.transfermarkt.com/mikey-moore/profil/spieler/1011147,https://www.transfermarkt.com/spieler-statistik/wertvollstespieler/marktwertetop/plus/0/galerie/0?ausrichtung=alle&spielerposition_id=alle&altersklasse=u19&jahrgang=0&land_id=0&kontinent_id=0&jahr=2025&yt0=show&page=1
22,Nathan De Cat,RSCA Futures,Central Midfield,17000000,16,https://www.transfermarkt.com/nathan-de-cat/profil/spieler/1105541,https://www.transfermarkt.com/spieler-statistik/wertvollstespieler/marktwertetop/plus/0/galerie/0?ausrichtung=alle&spielerposition_id=alle&altersklasse=u19&jahrgang=0&land_id=0&kontinent_id=0&jahr=2025&yt0=show&page=1
23,Andrija Maksimovic,Red Star Belgrade,Attacking Midfield,15000000,17,https://www.transfermarkt.com/andrija-maksimovic/profil/spieler/952779,https://www.transfermarkt.com/spieler-statistik/wertvollstespieler/marktwertetop/plus/0/galerie/0?ausrichtung=alle&spielerposition_id=alle&altersklasse=u19&jahrgang=0&land_id=0&kontinent_id=0&jahr=2025&yt0=show&page=1
24,João Simões,Sporting CP,Central Midfield,15000000,17,https://www.transfermarkt.com/joao-simoes/profil/spieler/958937,https://www.transfermarkt.com/spieler-statistik/wertvollstespieler/marktwertetop/plus/0/galerie/0?ausrichtung=alle&spielerposition_id=alle&altersklasse=u19&jahrgang=0&land_id=0&kontinent_id=0&jahr=2025&yt0=show&page=1
25,Francesco Camarda,AC Milan,Centre-Forward,15000000,16,https://www.transfermarkt.com/francesco-camarda/profil/spieler/1058368,https://www.transfermarkt.com/spieler-statistik/wertvollstespieler/marktwertetop/plus/0/galerie/0?ausrichtung=alle&spielerposition_id=alle&altersklasse=u19&jahrgang=0&land_id=0&kontinent_id=0&jahr=2025&yt0=show&page=1
26,Joane Gadou,Red Bull Salzburg,Centre-Back,15000000,17,https://www.transfermarkt.com/joane-gadou/profil/spieler/1075577,https://www.transfermarkt.com/spieler-statistik/wertvollstespieler/marktwertetop/plus/0/galerie/0?ausrichtung=alle&spielerposition_id=alle&altersklasse=u19&jahrgang=0&land_id=0&kontinent_id=0&jahr=2025&yt0=show&page=2
27,Rio Ngumoha,Liverpool FC U18,Left Winger,15000000,16,https://www.transfermarkt.com/rio-ngumoha/profil/spieler/1108466,https://www.transfermarkt.com/spieler-statistik/wertvollstespieler/marktwertetop/plus/0/galerie/0?ausrichtung=alle&spielerposition_id=alle&altersklasse=u19&jahrgang=0&land_id=0&kontinent_id=0&jahr=2025&yt0=show&page=2
28,Gabriel Carvalho,Sport Club Internacional,Right Winger,12000000,17,https://www.transfermarkt.com/gabriel-carvalho/profil/spieler/1089144,https://www.transfermarkt.com/spieler-statistik/wertvollstespieler/marktwertetop/plus/0/galerie/0?ausrichtung=alle&spielerposition_id=alle&altersklasse=u19&jahrgang=0&land_id=0&kontinent_id=0&jahr=2025&yt0=show&page=2
29,Oskar Pietuszewski,Jagiellonia Bialystok,Left Winger,12000000,16,https://www.transfermarkt.com/oskar-pietuszewski/profil/spieler/1162012,https://www.transfermarkt.com/spieler-statistik/wertvollstespieler/marktwertetop/plus/0/galerie/0?ausrichtung=alle&spielerposition_id=alle&altersklasse=u19&jahrgang=0&land_id=0&kontinent_id=0&jahr=2025&yt0=show&page=2
30,Tylel Tati,FC Nantes B,Centre-Back,12000000,16,https://www.transfermarkt.com/tylel-tati/profil/spieler/1241207,https://www.transfermarkt.com/spieler-statistik/wertvollstespieler/marktwertetop/plus/0/galerie/0?ausrichtung=alle&spielerposition_id=alle&altersklasse=u19&jahrgang=0&land_id=0&kontinent_id=0&jahr=2025&yt0=show&page=2
31,Marc Bernal,FC Barcelona,Central Midfield,10000000,17,https://www.transfermarkt.com/marc-bernal/profil/spieler/1018920,https://www.transfermarkt.com/spieler-statistik/wertvollstespieler/marktwertetop/plus/0/galerie/0?ausrichtung=alle&spielerposition_id=alle&altersklasse=u19&jahrgang=0&land_id=0&kontinent_id=0&jahr=2025&yt0=show&page=2
32,Kendry Páez,RC Strasbourg Alsace,Attacking Midfield,10000000,17,https://www.transfermarkt.com/kendry-paez/profil/spieler/1052439,https://www.transfermarkt.com/spieler-statistik/wertvollstespieler/marktwertetop/plus/0/galerie/0?ausrichtung=alle&spielerposition_id=alle&altersklasse=u19&jahrgang=0&land_id=0&kontinent_id=0&jahr=2025&yt0=show&page=2
33,Dro Fernández,FC Barcelona UEFA U19,Attacking Midfield,10000000,16,https://www.transfermarkt.com/dro-fernandez/profil/spieler/1071596,https://www.transfermarkt.com/spieler-statistik/wertvollstespieler/marktwertetop/plus/0/galerie/0?ausrichtung=alle&spielerposition_id=alle&altersklasse=u19&jahrgang=0&land_id=0&kontinent_id=0&jahr=2025&yt0=show&page=2
34,Vasilije Kostov,Red Star Belgrade,Attacking Midfield,10000000,16,https://www.transfermarkt.com/vasilije-kostov/profil/spieler/1073632,https://www.transfermarkt.com/spieler-statistik/wertvollstespieler/marktwertetop/plus/0/galerie/0?ausrichtung=alle&spielerposition_id=alle&altersklasse=u19&jahrgang=0&land_id=0&kontinent_id=0&jahr=2025&yt0=show&page=2
35,Robinio Vaz,Olympique Marseille,Centre-Forward,10000000,17,https://www.transfermarkt.com/robinio-vaz/profil/spieler/1131161,https://www.transfermarkt.com/spieler-statistik/wertvollstespieler/marktwertetop/plus/0/galerie/0?ausrichtung=alle&spielerposition_id=alle&altersklasse=u19&jahrgang=0&land_id=0&kontinent_id=0&jahr=2025&yt0=show&page=2
36,Kader Meïté,Stade Rennais FC,Centre-Forward,10000000,17,https://www.transfermarkt.com/kader-meite/profil/spieler/1141560,https://www.transfermarkt.com/spieler-statistik/wertvollstespieler/marktwertetop/plus/0/galerie/0?ausrichtung=alle&spielerposition_id=alle&altersklasse=u19&jahrgang=0&land_id=0&kontinent_id=0&jahr=2025&yt0=show&page=2
37,Gilberto Mora,Club Tijuana,Attacking Midfield,10000000,16,https://www.transfermarkt.com/gilberto-mora/profil/spieler/1155723,https://www.transfermarkt.com/spieler-statistik/wertvollstespieler/marktwertetop/plus/0/galerie/0?ausrichtung=alle&spielerposition_id=alle&altersklasse=u19&jahrgang=0&land_id=0&kontinent_id=0&jahr=2025&yt0=show&page=2
38,Luca Meirelles,Santos FC,Centre-Forward,10000000,17,https://www.transfermarkt.com/luca-meirelles/profil/spieler/1220143,https://www.transfermarkt.com/spieler-statistik/wertvollstespieler/marktwertetop/plus/0/galerie/0?ausrichtung=alle&spielerposition_id=alle&altersklasse=u19&jahrgang=0&land_id=0&kontinent_id=0&jahr=2025&yt0=show&page=2
39,Álvaro Montoro,Botafogo de Futebol e Regatas,Left Winger,10000000,17,https://www.transfermarkt.com/alvaro-montoro/profil/spieler/1228194,https://www.transfermarkt.com/spieler-statistik/wertvollstespieler/marktwertetop/plus/0/galerie/0?ausrichtung=alle&spielerposition_id=alle&altersklasse=u19&jahrgang=0&land_id=0&kontinent_id=0&jahr=2025&yt0=show&page=2
40,Jeremy Monga,Leicester City,Left Winger,10000000,15,https://www.transfermarkt.com/jeremy-monga/profil/spieler/1245948,https://www.transfermarkt.com/spieler-statistik/wertvollstespieler/marktwertetop/plus/0/galerie/0?ausrichtung=alle&spielerposition_id=alle&altersklasse=u19&jahrgang=0&land_id=0&kontinent_id=0&jahr=2025&yt0=show&page=2
41,Kerim Alajbegovic,Bayer 04 Leverkusen U19,Left Winger,8000000,17,https://www.transfermarkt.com/kerim-alajbegovic/profil/spieler/929994,https://www.transfermarkt.com/spieler-statistik/wertvollstespieler/marktwertetop/plus/0/galerie/0?ausrichtung=alle&spielerposition_id=alle&altersklasse=u19&jahrgang=0&land_id=0&kontinent_id=0&jahr=2025&yt0=show&page=2
42,Jay Robinson,Southampton FC,Left Winger,8000000,17,https://www.transfermarkt.com/jay-robinson/profil/spieler/1045124,https://www.transfermarkt.com/spieler-statistik/wertvollstespieler/marktwertetop/plus/0/galerie/0?ausrichtung=alle&spielerposition_id=alle&altersklasse=u19&jahrgang=0&land_id=0&kontinent_id=0&jahr=2025&yt0=show&page=2
43,Axel Tape,Paris Saint-Germain,Centre-Back,8000000,17,https://www.transfermarkt.com/axel-tape/profil/spieler/1077670,https://www.transfermarkt.com/spieler-statistik/wertvollstespieler/marktwertetop/plus/0/galerie/0?ausrichtung=alle&spielerposition_id=alle&altersklasse=u19&jahrgang=0&land_id=0&kontinent_id=0&jahr=2025&yt0=show&page=2
44,Jorthy Mokio,Ajax Amsterdam,Defensive Midfield,8000000,16,https://www.transfermarkt.com/jorthy-mokio/profil/spieler/1105532,https://www.transfermarkt.com/spieler-statistik/wertvollstespieler/marktwertetop/plus/0/galerie/0?ausrichtung=alle&spielerposition_id=alle&altersklasse=u19&jahrgang=0&land_id=0&kontinent_id=0&jahr=2025&yt0=show&page=2
45,Khalis Merah,Olympique Lyon U19,Central Midfield,8000000,17,https://www.transfermarkt.com/khalis-merah/profil/spieler/1187942,https://www.transfermarkt.com/spieler-statistik/wertvollstespieler/marktwertetop/plus/0/galerie/0?ausrichtung=alle&spielerposition_id=alle&altersklasse=u19&jahrgang=0&land_id=0&kontinent_id=0&jahr=2025&yt0=show&page=2
46,Isaque,Fluminense Football Club,Attacking Midfield,8000000,17,https://www.transfermarkt.com/isaque/profil/spieler/1219752,https://www.transfermarkt.com/spieler-statistik/wertvollstespieler/marktwertetop/plus/0/galerie/0?ausrichtung=alle&spielerposition_id=alle&altersklasse=u19&jahrgang=0&land_id=0&kontinent_id=0&jahr=2025&yt0=show&page=2
47,Gui Negão,SC Corinthians U20,Centre-Forward,8000000,17,https://www.transfermarkt.com/gui-negao/profil/spieler/1257133,https://www.transfermarkt.com/spieler-statistik/wertvollstespieler/marktwertetop/plus/0/galerie/0?ausrichtung=alle&spielerposition_id=alle&altersklasse=u19&jahrgang=0&land_id=0&kontinent_id=0&jahr=2025&yt0=show&page=2
48,Zé Lucas,Sport Club do Recife,Defensive Midfield,8000000,16,https://www.transfermarkt.com/ze-lucas/profil/spieler/1365897,https://www.transfermarkt.com/spieler-statistik/wertvollstespieler/marktwertetop/plus/0/galerie/0?ausrichtung=alle&spielerposition_id=alle&altersklasse=u19&jahrgang=0&land_id=0&kontinent_id=0&jahr=2025&yt0=show&page=2
49,Adrian Przyborek,Pogon Szczecin,Attacking Midfield,7000000,18,https://www.transfermarkt.com/adrian-przyborek/profil/spieler/1018395,https://www.transfermarkt.com/spieler-statistik/wertvollstespieler/marktwertetop/plus/0/galerie/0?ausrichtung=alle&spielerposition_id=alle&altersklasse=u19&jahrgang=0&land_id=0&kontinent_id=0&jahr=2025&yt0=show&page=2
50,Quentin Ndjantou,Paris Saint-Germain U19,Left Winger,7000000,17,https://www.transfermarkt.com/quentin-ndjantou/profil/spieler/1053208,https://www.transfermarkt.com/spieler-statistik/wertvollstespieler/marktwertetop/plus/0/galerie/0?ausrichtung=alle&spielerposition_id=alle&altersklasse=u19&jahrgang=0&land_id=0&kontinent_id=0&jahr=2025&yt0=show&page=2
51,Mihajlo Cvetkovic,FK Cukaricki,Centre-Forward,6000000,17,https://www.transfermarkt.com/mihajlo-cvetkovic/profil/spieler/897510,https://www.transfermarkt.com/spieler-statistik/wertvollstespieler/marktwertetop/plus/0/galerie/0?ausrichtung=alle&spielerposition_id=alle&altersklasse=u19&jahrgang=0&land_id=0&kontinent_id=0&jahr=2025&yt0=show&page=3
52,Francis Onyeka,Bayer 04 Leverkusen U19,Attacking Midfield,6000000,17,https://www.transfermarkt.com/francis-onyeka/profil/spieler/929943,https://www.transfermarkt.com/spieler-statistik/wertvollstespieler/marktwertetop/plus/0/galerie/0?ausrichtung=alle&spielerposition_id=alle&altersklasse=u19&jahrgang=0&land_id=0&kontinent_id=0&jahr=2025&yt0=show&page=3
53,Trey Nyoni,Liverpool FC,Central Midfield,6000000,17,https://www.transfermarkt.com/trey-nyoni/profil/spieler/1045123,https://www.transfermarkt.com/spieler-statistik/wertvollstespieler/marktwertetop/plus/0/galerie/0?ausrichtung=alle&spielerposition_id=alle&altersklasse=u19&jahrgang=0&land_id=0&kontinent_id=0&jahr=2025&yt0=show&page=3
54,Riquelme,Fluminense Football Club,Right Winger,6000000,17,https://www.transfermarkt.com/riquelme/profil/spieler/1219749,https://www.transfermarkt.com/spieler-statistik/wertvollstespieler/marktwertetop/plus/0/galerie/0?ausrichtung=alle&spielerposition_id=alle&altersklasse=u19&jahrgang=0&land_id=0&kontinent_id=0&jahr=2025&yt0=show&page=3
55,Kauã Prates,Cruzeiro EC U20,Left-Back,6000000,16,https://www.transfermarkt.com/kaua-prates/profil/spieler/1275068,https://www.transfermarkt.com/spieler-statistik/wertvollstespieler/marktwertetop/plus/0/galerie/0?ausrichtung=alle&spielerposition_id=alle&altersklasse=u19&jahrgang=0&land_id=0&kontinent_id=0&jahr=2025&yt0=show&page=3
56,Harry Amass,Manchester United,Left-Back,5000000,17,https://www.transfermarkt.com/harry-amass/profil/spieler/1011738,https://www.transfermarkt.com/spieler-statistik/wertvollstespieler/marktwertetop/plus/0/galerie/0?ausrichtung=alle&spielerposition_id=alle&altersklasse=u19&jahrgang=0&land_id=0&kontinent_id=0&jahr=2025&yt0=show&page=3
57,Chido Obi,Manchester United,Centre-Forward,5000000,17,https://www.transfermarkt.com/chido-obi/profil/spieler/1042886,https://www.transfermarkt.com/spieler-statistik/wertvollstespieler/marktwertetop/plus/0/galerie/0?ausrichtung=alle&spielerposition_id=alle&altersklasse=u19&jahrgang=0&land_id=0&kontinent_id=0&jahr=2025&yt0=show&page=3
58,Matteo Palma,Udinese Calcio,Centre-Back,5000000,16,https://www.transfermarkt.com/matteo-palma/profil/spieler/1058354,https://www.transfermarkt.com/spieler-statistik/wertvollstespieler/marktwertetop/plus/0/galerie/0?ausrichtung=alle&spielerposition_id=alle&altersklasse=u19&jahrgang=0&land_id=0&kontinent_id=0&jahr=2025&yt0=show&page=3
59,Mustafa Hekimoğlu,Besiktas JK,Centre-Forward,5000000,17,https://www.transfermarkt.com/mustafa-hekimoglu/profil/spieler/1071252,https://www.transfermarkt.com/spieler-statistik/wertvollstespieler/marktwertetop/plus/0/galerie/0?ausrichtung=alle&spielerposition_id=alle&altersklasse=u19&jahrgang=0&land_id=0&kontinent_id=0&jahr=2025&yt0=show&page=3
60,Wisdom Mike,Bayern Munich UEFA U19,Left Winger,5000000,16,https://www.transfermarkt.com/wisdom-mike/profil/spieler/1084539,https://www.transfermarkt.com/spieler-statistik/wertvollstespieler/marktwertetop/plus/0/galerie/0?ausrichtung=alle&spielerposition_id=alle&altersklasse=u19&jahrgang=0&land_id=0&kontinent_id=0&jahr=2025&yt0=show&page=3
61,Rafael Pinto Pedrosa,Karlsruher SC,Right-Back,5000000,17,https://www.transfermarkt.com/rafael-pinto-pedrosa/profil/spieler/1085900,https://www.transfermarkt.com/spieler-statistik/wertvollstespieler/marktwertetop/plus/0/galerie/0?ausrichtung=alle&spielerposition_id=alle&altersklasse=u19&jahrgang=0&land_id=0&kontinent_id=0&jahr=2025&yt0=show&page=3
62,Prosper Peter,Angers SCO,Centre-Forward,5000000,17,https://www.transfermarkt.com/prosper-peter/profil/spieler/1103958,https://www.transfermarkt.com/spieler-statistik/wertvollstespieler/marktwertetop/plus/0/galerie/0?ausrichtung=alle&spielerposition_id=alle&altersklasse=u19&jahrgang=0&land_id=0&kontinent_id=0&jahr=2025&yt0=show&page=3
63,Cyrill May,FCO St. Gallen U19,Centre-Back,5000000,17,https://www.transfermarkt.com/cyrill-may/profil/spieler/1153544,https://www.transfermarkt.com/spieler-statistik/wertvollstespieler/marktwertetop/plus/0/galerie/0?ausrichtung=alle&spielerposition_id=alle&altersklasse=u19&jahrgang=0&land_id=0&kontinent_id=0&jahr=2025&yt0=show&page=3
64,Love Arrhov,IF Brommapojkarna,Attacking Midfield,5000000,16,https://www.transfermarkt.com/love-arrhov/profil/spieler/1184986,https://www.transfermarkt.com/spieler-statistik/wertvollstespieler/marktwertetop/plus/0/galerie/0?ausrichtung=alle&spielerposition_id=alle&altersklasse=u19&jahrgang=0&land_id=0&kontinent_id=0&jahr=2025&yt0=show&page=3
65,Alexander Røssing-Lelesiit,Hamburger SV,Left Winger,5000000,17,https://www.transfermarkt.com/alexander-rossing-lelesiit/profil/spieler/1213681,https://www.transfermarkt.com/spieler-statistik/wertvollstespieler/marktwertetop/plus/0/galerie/0?ausrichtung=alle&spielerposition_id=alle&altersklasse=u19&jahrgang=0&land_id=0&kontinent_id=0&jahr=2025&yt0=show&page=3
66,Ruan Pablo,Esporte Clube Bahia,Left Winger,5000000,16,https://www.transfermarkt.com/ruan-pablo/profil/spieler/1220614,https://www.transfermarkt.com/spieler-statistik/wertvollstespieler/marktwertetop/plus/0/galerie/0?ausrichtung=alle&spielerposition_id=alle&altersklasse=u19&jahrgang=0&land_id=0&kontinent_id=0&jahr=2025&yt0=show&page=3
67,Robinho Junior,Santos FC U20,Right Winger,5000000,17,https://www.transfermarkt.com/robinho-junior/profil/spieler/1355385,https://www.transfermarkt.com/spieler-statistik/wertvollstespieler/marktwertetop/plus/0/galerie/0?ausrichtung=alle&spielerposition_id=alle&altersklasse=u19&jahrgang=0&land_id=0&kontinent_id=0&jahr=2025&yt0=show&page=3
68,Prince Amoako Junior,FC Nordsjaelland,Left Winger,5000000,17,https://www.transfermarkt.com/prince-amoako-junior/profil/spieler/1380311,https://www.transfermarkt.com/spieler-statistik/wertvollstespieler/marktwertetop/plus/0/galerie/0?ausrichtung=alle&spielerposition_id=alle&altersklasse=u19&jahrgang=0&land_id=0&kontinent_id=0&jahr=2025&yt0=show&page=3
69,Oskar Spiten,Molde FK,Left Winger,4500000,17,https://www.transfermarkt.com/oskar-spiten/profil/spieler/1007817,https://www.transfermarkt.com/spieler-statistik/wertvollstespieler/marktwertetop/plus/0/galerie/0?ausrichtung=alle&spielerposition_id=alle&altersklasse=u19&jahrgang=0&land_id=0&kontinent_id=0&jahr=2025&yt0=show&page=3
70,Mattia Liberali,Milan Futuro,Attacking Midfield,4000000,17,https://www.transfermarkt.com/mattia-liberali/profil/spieler/988964,https://www.transfermarkt.com/spieler-statistik/wertvollstespieler/marktwertetop/plus/0/galerie/0?ausrichtung=alle&spielerposition_id=alle&altersklasse=u19&jahrgang=0&land_id=0&kontinent_id=0&jahr=2025&yt0=show&page=3
71,Nikola Simic,FK Partizan Belgrade,Centre-Back,4000000,17,https://www.transfermarkt.com/nikola-simic/profil/spieler/1011580,https://www.transfermarkt.com/spieler-statistik/wertvollstespieler/marktwertetop/plus/0/galerie/0?ausrichtung=alle&spielerposition_id=alle&altersklasse=u19&jahrgang=0&land_id=0&kontinent_id=0&jahr=2025&yt0=show&page=3
72,Jonah Kusi-Asare,Bayern Munich,Centre-Forward,4000000,17,https://www.transfermarkt.com/jonah-kusi-asare/profil/spieler/1069512,https://www.transfermarkt.com/spieler-statistik/wertvollstespieler/marktwertetop/plus/0/galerie/0?ausrichtung=alle&spielerposition_id=alle&altersklasse=u19&jahrgang=0&land_id=0&kontinent_id=0&jahr=2025&yt0=show&page=3
73,Patrice Covic,SV Werder Bremen U19,Attacking Midfield,4000000,17,https://www.transfermarkt.com/patrice-covic/profil/spieler/1114155,https://www.transfermarkt.com/spieler-statistik/wertvollstespieler/marktwertetop/plus/0/galerie/0?ausrichtung=alle&spielerposition_id=alle&altersklasse=u19&jahrgang=0&land_id=0&kontinent_id=0&jahr=2025&yt0=show&page=3
74,Luis Engelns,SC Paderborn 07,Defensive Midfield,4000000,17,https://www.transfermarkt.com/luis-engelns/profil/spieler/1116191,https://www.transfermarkt.com/spieler-statistik/wertvollstespieler/marktwertetop/plus/0/galerie/0?ausrichtung=alle&spielerposition_id=alle&altersklasse=u19&jahrgang=0&land_id=0&kontinent_id=0&jahr=2025&yt0=show&page=3
75,Darryl Bakola,Olympique Marseille,Central Midfield,4000000,17,https://www.transfermarkt.com/darryl-bakola/profil/spieler/1170286,https://www.transfermarkt.com/spieler-statistik/wertvollstespieler/marktwertetop/plus/0/galerie/0?ausrichtung=alle&spielerposition_id=alle&altersklasse=u19&jahrgang=0&land_id=0&kontinent_id=0&jahr=2025&yt0=show&page=3
76,Mathys Detourbet,ESTAC Troyes,Left Winger,4000000,17,https://www.transfermarkt.com/mathys-detourbet/profil/spieler/1171981,https://www.transfermarkt.com/spieler-statistik/wertvollstespieler/marktwertetop/plus/0/galerie/0?ausrichtung=alle&spielerposition_id=alle&altersklasse=u19&jahrgang=0&land_id=0&kontinent_id=0&jahr=2025&yt0=show&page=4
77,Brian Madjo,FC Metz U19,Centre-Forward,4000000,15,https://www.transfermarkt.com/brian-madjo/profil/spieler/1226357,https://www.transfermarkt.com/spieler-statistik/wertvollstespieler/marktwertetop/plus/0/galerie/0?ausrichtung=alle&spielerposition_id=alle&altersklasse=u19&jahrgang=0&land_id=0&kontinent_id=0&jahr=2025&yt0=show&page=4
78,Jorge Salinas,Rayo Cantabria,Left-Back,4000000,17,https://www.transfermarkt.com/jorge-salinas/profil/spieler/1262996,https://www.transfermarkt.com/spieler-statistik/wertvollstespieler/marktwertetop/plus/0/galerie/0?ausrichtung=alle&spielerposition_id=alle&altersklasse=u19&jahrgang=0&land_id=0&kontinent_id=0&jahr=2025&yt0=show&page=4
79,Moncef Zekri,Jong KV Mechelen,Left-Back,4000000,16,https://www.transfermarkt.com/moncef-zekri/profil/spieler/1263687,https://www.transfermarkt.com/spieler-statistik/wertvollstespieler/marktwertetop/plus/0/galerie/0?ausrichtung=alle&spielerposition_id=alle&altersklasse=u19&jahrgang=0&land_id=0&kontinent_id=0&jahr=2025&yt0=show&page=4
80,Diego León,Club Cerro Porteño,Left-Back,4000000,17,https://www.transfermarkt.com/diego-leon/profil/spieler/1283997,https://www.transfermarkt.com/spieler-statistik/wertvollstespieler/marktwertetop/plus/0/galerie/0?ausrichtung=alle&spielerposition_id=alle&altersklasse=u19&jahrgang=0&land_id=0&kontinent_id=0&jahr=2025&yt0=show&page=4
81,Branimir Mlacic,HNK Hajduk Split U19,Centre-Back,4000000,17,https://www.transfermarkt.com/branimir-mlacic/profil/spieler/1300966,https://www.transfermarkt.com/spieler-statistik/wertvollstespieler/marktwertetop/plus/0/galerie/0?ausrichtung=alle&spielerposition_id=alle&altersklasse=u19&jahrgang=0&land_id=0&kontinent_id=0&jahr=2025&yt0=show&page=4
82,Cavan Sullivan,Philadelphia Union,Attacking Midfield,3500000,15,https://www.transfermarkt.com/cavan-sullivan/profil/spieler/1009732,https://www.transfermarkt.com/spieler-statistik/wertvollstespieler/marktwertetop/plus/0/galerie/0?ausrichtung=alle&spielerposition_id=alle&altersklasse=u19&jahrgang=0&land_id=0&kontinent_id=0&jahr=2025&yt0=show&page=4
83,Matias Siltanen,Djurgårdens IF,Central Midfield,3500000,17,https://www.transfermarkt.com/matias-siltanen/profil/spieler/1018035,https://www.transfermarkt.com/spieler-statistik/wertvollstespieler/marktwertetop/plus/0/galerie/0?ausrichtung=alle&spielerposition_id=alle&altersklasse=u19&jahrgang=0&land_id=0&kontinent_id=0&jahr=2025&yt0=show&page=4
84,Vasilije Novicic,FK IMT Belgrad,Defensive Midfield,3500000,16,https://www.transfermarkt.com/vasilije-novicic/profil/spieler/1169455,https://www.transfermarkt.com/spieler-statistik/wertvollstespieler/marktwertetop/plus/0/galerie/0?ausrichtung=alle&spielerposition_id=alle&altersklasse=u19&jahrgang=0&land_id=0&kontinent_id=0&jahr=2025&yt0=show&page=4
85,Bruno Durdov,HNK Hajduk Split,Right Winger,3500000,17,https://www.transfermarkt.com/bruno-durdov/profil/spieler/1172620,https://www.transfermarkt.com/spieler-statistik/wertvollstespieler/marktwertetop/plus/0/galerie/0?ausrichtung=alle&spielerposition_id=alle&altersklasse=u19&jahrgang=0&land_id=0&kontinent_id=0&jahr=2025&yt0=show&page=4
86,Joan Martínez,Real Madrid Castilla,Centre-Back,3000000,17,https://www.transfermarkt.com/joan-martinez/profil/spieler/964563,https://www.transfermarkt.com/spieler-statistik/wertvollstespieler/marktwertetop/plus/0/galerie/0?ausrichtung=alle&spielerposition_id=alle&altersklasse=u19&jahrgang=0&land_id=0&kontinent_id=0&jahr=2025&yt0=show&page=4
87,Andrej Kostić,Buducnost Podgorica,Centre-Forward,3000000,17,https://www.transfermarkt.com/andrej-kostic/profil/spieler/987672,https://www.transfermarkt.com/spieler-statistik/wertvollstespieler/marktwertetop/plus/0/galerie/0?ausrichtung=alle&spielerposition_id=alle&altersklasse=u19&jahrgang=0&land_id=0&kontinent_id=0&jahr=2025&yt0=show&page=4
88,Sebastian Olderheim,Stabæk Fotball,Attacking Midfield,3000000,17,https://www.transfermarkt.com/sebastian-olderheim/profil/spieler/1007813,https://www.transfermarkt.com/spieler-statistik/wertvollstespieler/marktwertetop/plus/0/galerie/0?ausrichtung=alle&spielerposition_id=alle&altersklasse=u19&jahrgang=0&land_id=0&kontinent_id=0&jahr=2025&yt0=show&page=4
89,Peyton Miller,New England Revolution,Left-Back,3000000,17,https://www.transfermarkt.com/peyton-miller/profil/spieler/1016918,https://www.transfermarkt.com/spieler-statistik/wertvollstespieler/marktwertetop/plus/0/galerie/0?ausrichtung=alle&spielerposition_id=alle&altersklasse=u19&jahrgang=0&land_id=0&kontinent_id=0&jahr=2025&yt0=show&page=4
90,Guille Fernández,FC Barcelona Atlètic,Central Midfield,3000000,16,https://www.transfermarkt.com/guille-fernandez/profil/spieler/1050120,https://www.transfermarkt.com/spieler-statistik/wertvollstespieler/marktwertetop/plus/0/galerie/0?ausrichtung=alle&spielerposition_id=alle&altersklasse=u19&jahrgang=0&land_id=0&kontinent_id=0&jahr=2025&yt0=show&page=4
91,Toni Fernández,FC Barcelona Atlètic,Attacking Midfield,3000000,16,https://www.transfermarkt.com/toni-fernandez/profil/spieler/1066206,https://www.transfermarkt.com/spieler-statistik/wertvollstespieler/marktwertetop/plus/0/galerie/0?ausrichtung=alle&spielerposition_id=alle&altersklasse=u19&jahrgang=0&land_id=0&kontinent_id=0&jahr=2025&yt0=show&page=4
92,Viktor Dadason,FC Copenhagen U19,Centre-Forward,3000000,16,https://www.transfermarkt.com/viktor-dadason/profil/spieler/1072751,https://www.transfermarkt.com/spieler-statistik/wertvollstespieler/marktwertetop/plus/0/galerie/0?ausrichtung=alle&spielerposition_id=alle&altersklasse=u19&jahrgang=0&land_id=0&kontinent_id=0&jahr=2025&yt0=show&page=4
93,Dominik Sarapata,Górnik Zabrze,Central Midfield,3000000,17,https://www.transfermarkt.com/dominik-sarapata/profil/spieler/1073747,https://www.transfermarkt.com/spieler-statistik/wertvollstespieler/marktwertetop/plus/0/galerie/0?ausrichtung=alle&spielerposition_id=alle&altersklasse=u19&jahrgang=0&land_id=0&kontinent_id=0&jahr=2025&yt0=show&page=4
94,Eduardo Felicíssimo,Sporting CP,Defensive Midfield,3000000,17,https://www.transfermarkt.com/eduardo-felicissimo/profil/spieler/1081566,https://www.transfermarkt.com/spieler-statistik/wertvollstespieler/marktwertetop/plus/0/galerie/0?ausrichtung=alle&spielerposition_id=alle&altersklasse=u19&jahrgang=0&land_id=0&kontinent_id=0&jahr=2025&yt0=show&page=4
95,Dastan Satpaev,Kairat Almaty,Centre-Forward,3000000,16,https://www.transfermarkt.com/dastan-satpaev/profil/spieler/1179146,https://www.transfermarkt.com/spieler-statistik/wertvollstespieler/marktwertetop/plus/0/galerie/0?ausrichtung=alle&spielerposition_id=alle&altersklasse=u19&jahrgang=0&land_id=0&kontinent_id=0&jahr=2025&yt0=show&page=4
96,Justin Lerma,Independiente del Valle U20,Attacking Midfield,3000000,16,https://www.transfermarkt.com/justin-lerma/profil/spieler/1185507,https://www.transfermarkt.com/spieler-statistik/wertvollstespieler/marktwertetop/plus/0/galerie/0?ausrichtung=alle&spielerposition_id=alle&altersklasse=u19&jahrgang=0&land_id=0&kontinent_id=0&jahr=2025&yt0=show&page=4
97,Bogdan Popov,Empoli Primavera,Centre-Forward,3000000,17,https://www.transfermarkt.com/bogdan-popov/profil/spieler/1198243,https://www.transfermarkt.com/spieler-statistik/wertvollstespieler/marktwertetop/plus/0/galerie/0?ausrichtung=alle&spielerposition_id=alle&altersklasse=u19&jahrgang=0&land_id=0&kontinent_id=0&jahr=2025&yt0=show&page=4
98,Alexis Vossah,Toulouse FC U19,Central Midfield,3000000,16,https://www.transfermarkt.com/alexis-vossah/profil/spieler/1200427,https://www.transfermarkt.com/spieler-statistik/wertvollstespieler/marktwertetop/plus/0/galerie/0?ausrichtung=alle&spielerposition_id=alle&altersklasse=u19&jahrgang=0&land_id=0&kontinent_id=0&jahr=2025&yt0=show&page=4
99,Diego Aguado,Real Madrid Castilla,Centre-Back,3000000,17,https://www.transfermarkt.com/diego-aguado/profil/spieler/1208520,https://www.transfermarkt.com/spieler-statistik/wertvollstespieler/marktwertetop/plus/0/galerie/0?ausrichtung=alle&spielerposition_id=alle&altersklasse=u19&jahrgang=0&land_id=0&kontinent_id=0&jahr=2025&yt0=show&page=4
100,José Neto,SL Benfica,Left-Back,3000000,16,https://www.transfermarkt.com/jose-neto/profil/spieler/1233701,https://www.transfermarkt.com/spieler-statistik/wertvollstespieler/marktwertetop/plus/0/galerie/0?ausrichtung=alle&spielerposition_id=alle&altersklasse=u19&jahrgang=0&land_id=0&kontinent_id=0&jahr=2025&yt0=show&page=4
101,Rudy Matondo,AJ Auxerre,Central Midfield,3000000,16,https://www.transfermarkt.com/rudy-matondo/profil/spieler/1241211,https://www.transfermarkt.com/spieler-statistik/wertvollstespieler/marktwertetop/plus/0/galerie/0?ausrichtung=alle&spielerposition_id=alle&altersklasse=u19&jahrgang=0&land_id=0&kontinent_id=0&jahr=2025&yt0=show&page=5
102,Selton Sánchez,Athletic Bilbao,Central Midfield,3000000,17,https://www.transfermarkt.com/selton-sanchez/profil/spieler/1312698,https://www.transfermarkt.com/spieler-statistik/wertvollstespieler/marktwertetop/plus/0/galerie/0?ausrichtung=alle&spielerposition_id=alle&altersklasse=u19&jahrgang=0&land_id=0&kontinent_id=0&jahr=2025&yt0=show&page=5
103,Thiago Pitarch,Real Madrid UEFA U19,Central Midfield,3000000,17,https://www.transfermarkt.com/thiago-pitarch/profil/spieler/1375227,https://www.transfermarkt.com/spieler-statistik/wertvollstespieler/marktwertetop/plus/0/galerie/0?ausrichtung=alle&spielerposition_id=alle&altersklasse=u19&jahrgang=0&land_id=0&kontinent_id=0&jahr=2025&yt0=show&page=5
104,Adem Avdic,OFK Beograd,Left-Back,2500000,17,https://www.transfermarkt.com/adem-avdic/profil/spieler/952771,https://www.transfermarkt.com/spieler-statistik/wertvollstespieler/marktwertetop/plus/0/galerie/0?ausrichtung=alle&spielerposition_id=alle&altersklasse=u19&jahrgang=0&land_id=0&kontinent_id=0&jahr=2025&yt0=show&page=5
105,Hugo Camberos,Deportivo Guadalajara,Right Winger,2500000,17,https://www.transfermarkt.com/hugo-camberos/profil/spieler/955223,https://www.transfermarkt.com/spieler-statistik/wertvollstespieler/marktwertetop/plus/0/galerie/0?ausrichtung=alle&spielerposition_id=alle&altersklasse=u19&jahrgang=0&land_id=0&kontinent_id=0&jahr=2025&yt0=show&page=5
106,Kaye Furo,Club NXT,Centre-Forward,2500000,17,https://www.transfermarkt.com/kaye-furo/profil/spieler/1011936,https://www.transfermarkt.com/spieler-statistik/wertvollstespieler/marktwertetop/plus/0/galerie/0?ausrichtung=alle&spielerposition_id=alle&altersklasse=u19&jahrgang=0&land_id=0&kontinent_id=0&jahr=2025&yt0=show&page=5
107,Noah Markmann,FC Nordsjaelland,Centre-Back,2500000,17,https://www.transfermarkt.com/noah-markmann/profil/spieler/1042873,https://www.transfermarkt.com/spieler-statistik/wertvollstespieler/marktwertetop/plus/0/galerie/0?ausrichtung=alle&spielerposition_id=alle&altersklasse=u19&jahrgang=0&land_id=0&kontinent_id=0&jahr=2025&yt0=show&page=5
108,Christian Comotto,AC Milan Primavera,Central Midfield,2500000,16,https://www.transfermarkt.com/christian-comotto/profil/spieler/1058363,https://www.transfermarkt.com/spieler-statistik/wertvollstespieler/marktwertetop/plus/0/galerie/0?ausrichtung=alle&spielerposition_id=alle&altersklasse=u19&jahrgang=0&land_id=0&kontinent_id=0&jahr=2025&yt0=show&page=5
109,Otto Stange,Hamburger SV,Centre-Forward,2500000,17,https://www.transfermarkt.com/otto-stange/profil/spieler/1058520,https://www.transfermarkt.com/spieler-statistik/wertvollstespieler/marktwertetop/plus/0/galerie/0?ausrichtung=alle&spielerposition_id=alle&altersklasse=u19&jahrgang=0&land_id=0&kontinent_id=0&jahr=2025&yt0=show&page=5
110,Wael Mohya,Borussia Mönchengladbach U17,Attacking Midfield,2500000,16,https://www.transfermarkt.com/wael-mohya/profil/spieler/1070979,https://www.transfermarkt.com/spieler-statistik/wertvollstespieler/marktwertetop/plus/0/galerie/0?ausrichtung=alle&spielerposition_id=alle&altersklasse=u19&jahrgang=0&land_id=0&kontinent_id=0&jahr=2025&yt0=show&page=5
111,Kacper Potulski,1.FSV Mainz 05 II,Centre-Back,2500000,17,https://www.transfermarkt.com/kacper-potulski/profil/spieler/1073748,https://www.transfermarkt.com/spieler-statistik/wertvollstespieler/marktwertetop/plus/0/galerie/0?ausrichtung=alle&spielerposition_id=alle&altersklasse=u19&jahrgang=0&land_id=0&kontinent_id=0&jahr=2025&yt0=show&page=5
112,Luis Otávio,Sport Club Internacional,Defensive Midfield,2500000,17,https://www.transfermarkt.com/luis-otavio/profil/spieler/1253921,https://www.transfermarkt.com/spieler-statistik/wertvollstespieler/marktwertetop/plus/0/galerie/0?ausrichtung=alle&spielerposition_id=alle&altersklasse=u19&jahrgang=0&land_id=0&kontinent_id=0&jahr=2025&yt0=show&page=5
113,Salvador Blopa,Sporting CP Youth League,Right-Back,2500000,17,https://www.transfermarkt.com/salvador-blopa/profil/spieler/1294105,https://www.transfermarkt.com/spieler-statistik/wertvollstespieler/marktwertetop/plus/0/galerie/0?ausrichtung=alle&spielerposition_id=alle&altersklasse=u19&jahrgang=0&land_id=0&kontinent_id=0&jahr=2025&yt0=show&page=5
114,Christian McFarlane,Manchester City UEFA U19,Left-Back,2000000,17,https://www.transfermarkt.com/christian-mcfarlane/profil/spieler/936001,https://www.transfermarkt.com/spieler-statistik/wertvollstespieler/marktwertetop/plus/0/galerie/0?ausrichtung=alle&spielerposition_id=alle&altersklasse=u19&jahrgang=0&land_id=0&kontinent_id=0&jahr=2025&yt0=show&page=5
115,Jesús Fortea,Real Madrid C,Right-Back,2000000,17,https://www.transfermarkt.com/jesus-fortea/profil/spieler/937950,https://www.transfermarkt.com/spieler-statistik/wertvollstespieler/marktwertetop/plus/0/galerie/0?ausrichtung=alle&spielerposition_id=alle&altersklasse=u19&jahrgang=0&land_id=0&kontinent_id=0&jahr=2025&yt0=show&page=5
116,Jovan Milosavljevic,OFK Vrsac,Central Midfield,2000000,17,https://www.transfermarkt.com/jovan-milosavljevic/profil/spieler/946045,https://www.transfermarkt.com/spieler-statistik/wertvollstespieler/marktwertetop/plus/0/galerie/0?ausrichtung=alle&spielerposition_id=alle&altersklasse=u19&jahrgang=0&land_id=0&kontinent_id=0&jahr=2025&yt0=show&page=5
117,Andrej Bacanin,FK Cukaricki,Defensive Midfield,2000000,17,https://www.transfermarkt.com/andrej-bacanin/profil/spieler/952776,https://www.transfermarkt.com/spieler-statistik/wertvollstespieler/marktwertetop/plus/0/galerie/0?ausrichtung=alle&spielerposition_id=alle&altersklasse=u19&jahrgang=0&land_id=0&kontinent_id=0&jahr=2025&yt0=show&page=5
118,Jacob Peter Hödl,SK Sturm Graz II,Right Midfield,2000000,17,https://www.transfermarkt.com/jacob-peter-hodl/profil/spieler/960463,https://www.transfermarkt.com/spieler-statistik/wertvollstespieler/marktwertetop/plus/0/galerie/0?ausrichtung=alle&spielerposition_id=alle&altersklasse=u19&jahrgang=0&land_id=0&kontinent_id=0&jahr=2025&yt0=show&page=5
119,Albert Navarro,Atalanta U23,Centre-Back,2000000,17,https://www.transfermarkt.com/albert-navarro/profil/spieler/962154,https://www.transfermarkt.com/spieler-statistik/wertvollstespieler/marktwertetop/plus/0/galerie/0?ausrichtung=alle&spielerposition_id=alle&altersklasse=u19&jahrgang=0&land_id=0&kontinent_id=0&jahr=2025&yt0=show&page=5
120,Afonso Patrão,SC Braga,Centre-Forward,2000000,17,https://www.transfermarkt.com/afonso-patrao/profil/spieler/1006449,https://www.transfermarkt.com/spieler-statistik/wertvollstespieler/marktwertetop/plus/0/galerie/0?ausrichtung=alle&spielerposition_id=alle&altersklasse=u19&jahrgang=0&land_id=0&kontinent_id=0&jahr=2025&yt0=show&page=5
121,César Miño,Club Guaraní,Right Winger,2000000,17,https://www.transfermarkt.com/cesar-mino/profil/spieler/1035019,https://www.transfermarkt.com/spieler-statistik/wertvollstespieler/marktwertetop/plus/0/galerie/0?ausrichtung=alle&spielerposition_id=alle&altersklasse=u19&jahrgang=0&land_id=0&kontinent_id=0&jahr=2025&yt0=show&page=5
122,Mohammed El Âdfaoui,Jong KAA Gent,Central Midfield,2000000,16,https://www.transfermarkt.com/mohammed-el-adfaoui/profil/spieler/1105542,https://www.transfermarkt.com/spieler-statistik/wertvollstespieler/marktwertetop/plus/0/galerie/0?ausrichtung=alle&spielerposition_id=alle&altersklasse=u19&jahrgang=0&land_id=0&kontinent_id=0&jahr=2025&yt0=show&page=5
123,Anhá Cande,FC Porto B,Centre-Forward,2000000,17,https://www.transfermarkt.com/anha-cande/profil/spieler/1108856,https://www.transfermarkt.com/spieler-statistik/wertvollstespieler/marktwertetop/plus/0/galerie/0?ausrichtung=alle&spielerposition_id=alle&altersklasse=u19&jahrgang=0&land_id=0&kontinent_id=0&jahr=2025&yt0=show&page=5
124,Jeremiah Mensah,Bayer 04 Leverkusen U19,Attacking Midfield,2000000,16,https://www.transfermarkt.com/jeremiah-mensah/profil/spieler/1131924,https://www.transfermarkt.com/spieler-statistik/wertvollstespieler/marktwertetop/plus/0/galerie/0?ausrichtung=alle&spielerposition_id=alle&altersklasse=u19&jahrgang=0&land_id=0&kontinent_id=0&jahr=2025&yt0=show&page=5
125,Bright Ede,Motor Lublin,Centre-Back,2000000,17,https://www.transfermarkt.com/bright-ede/profil/spieler/1177033,https://www.transfermarkt.com/spieler-statistik/wertvollstespieler/marktwertetop/plus/0/galerie/0?ausrichtung=alle&spielerposition_id=alle&altersklasse=u19&jahrgang=0&land_id=0&kontinent_id=0&jahr=2025&yt0=show&page=5
126,Djylian N'Guessan,AS Saint-Étienne,Centre-Forward,2000000,16,https://www.transfermarkt.com/djylian-nguessan/profil/spieler/1200419,https://www.transfermarkt.com/spieler-statistik/wertvollstespieler/marktwertetop/plus/0/galerie/0?ausrichtung=alle&spielerposition_id=alle&altersklasse=u19&jahrgang=0&land_id=0&kontinent_id=0&jahr=2025&yt0=show&page=6
127,Bradley Burrowes,Aston Villa U18,Right Winger,2000000,16,https://www.transfermarkt.com/bradley-burrowes/profil/spieler/1202361,https://www.transfermarkt.com/spieler-statistik/wertvollstespieler/marktwertetop/plus/0/galerie/0?ausrichtung=alle&spielerposition_id=alle&altersklasse=u19&jahrgang=0&land_id=0&kontinent_id=0&jahr=2025&yt0=show&page=6
128,Sydney Osazuwa,Real Sociedad B,Centre-Forward,2000000,17,https://www.transfermarkt.com/sydney-osazuwa/profil/spieler/1214320,https://www.transfermarkt.com/spieler-statistik/wertvollstespieler/marktwertetop/plus/0/galerie/0?ausrichtung=alle&spielerposition_id=alle&altersklasse=u19&jahrgang=0&land_id=0&kontinent_id=0&jahr=2025&yt0=show&page=6
129,Cassiano Kiala,FC Bayern Munich U17,Centre-Back,2000000,15,https://www.transfermarkt.com/cassiano-kiala/profil/spieler/1259870,https://www.transfermarkt.com/spieler-statistik/wertvollstespieler/marktwertetop/plus/0/galerie/0?ausrichtung=alle&spielerposition_id=alle&altersklasse=u19&jahrgang=0&land_id=0&kontinent_id=0&jahr=2025&yt0=show&page=6
130,Lucca,São Paulo FC U20,Left Winger,2000000,17,https://www.transfermarkt.com/lucca/profil/spieler/1269378,https://www.transfermarkt.com/spieler-statistik/wertvollstespieler/marktwertetop/plus/0/galerie/0?ausrichtung=alle&spielerposition_id=alle&altersklasse=u19&jahrgang=0&land_id=0&kontinent_id=0&jahr=2025&yt0=show&page=6
131,Darwin Guagua,Independiente del Valle,Central Midfield,2000000,17,https://www.transfermarkt.com/darwin-guagua/profil/spieler/1295763,https://www.transfermarkt.com/spieler-statistik/wertvollstespieler/marktwertetop/plus/0/galerie/0?ausrichtung=alle&spielerposition_id=alle&altersklasse=u19&jahrgang=0&land_id=0&kontinent_id=0&jahr=2025&yt0=show&page=6
132,Alessandro Nunziante,Benevento Calcio,Goalkeeper,1800000,17,https://www.transfermarkt.com/alessandro-nunziante/profil/spieler/956588,https://www.transfermarkt.com/spieler-statistik/wertvollstespieler/marktwertetop/plus/0/galerie/0?ausrichtung=alle&spielerposition_id=alle&altersklasse=u19&jahrgang=0&land_id=0&kontinent_id=0&jahr=2025&yt0=show&page=6
133,Florian Hellstern,VfB Stuttgart UEFA U19,Goalkeeper,1800000,17,https://www.transfermarkt.com/florian-hellstern/profil/spieler/1009438,https://www.transfermarkt.com/spieler-statistik/wertvollstespieler/marktwertetop/plus/0/galerie/0?ausrichtung=alle&spielerposition_id=alle&altersklasse=u19&jahrgang=0&land_id=0&kontinent_id=0&jahr=2025&yt0=show&page=6
134,Jiri Panos,FC Viktoria Plzen,Central Midfield,1800000,17,https://www.transfermarkt.com/jiri-panos/profil/spieler/1013804,https://www.transfermarkt.com/spieler-statistik/wertvollstespieler/marktwertetop/plus/0/galerie/0?ausrichtung=alle&spielerposition_id=alle&altersklasse=u19&jahrgang=0&land_id=0&kontinent_id=0&jahr=2025&yt0=show&page=6
135,Kevin Filling,AIK,Centre-Forward,1800000,16,https://www.transfermarkt.com/kevin-filling/profil/spieler/1172431,https://www.transfermarkt.com/spieler-statistik/wertvollstespieler/marktwertetop/plus/0/galerie/0?ausrichtung=alle&spielerposition_id=alle&altersklasse=u19&jahrgang=0&land_id=0&kontinent_id=0&jahr=2025&yt0=show&page=6
136,Alessio Cacciamani,Torino FC,Left Midfield,1800000,17,https://www.transfermarkt.com/alessio-cacciamani/profil/spieler/1188619,https://www.transfermarkt.com/spieler-statistik/wertvollstespieler/marktwertetop/plus/0/galerie/0?ausrichtung=alle&spielerposition_id=alle&altersklasse=u19&jahrgang=0&land_id=0&kontinent_id=0&jahr=2025&yt0=show&page=6
137,Lazar Balevic,FK Napredak Krusevac,Goalkeeper,1500000,17,https://www.transfermarkt.com/lazar-balevic/profil/spieler/943889,https://www.transfermarkt.com/spieler-statistik/wertvollstespieler/marktwertetop/plus/0/galerie/0?ausrichtung=alle&spielerposition_id=alle&altersklasse=u19&jahrgang=0&land_id=0&kontinent_id=0&jahr=2025&yt0=show&page=6
138,Bogdan Kostic,FK Partizan Belgrade U19,Attacking Midfield,1500000,17,https://www.transfermarkt.com/bogdan-kostic/profil/spieler/952783,https://www.transfermarkt.com/spieler-statistik/wertvollstespieler/marktwertetop/plus/0/galerie/0?ausrichtung=alle&spielerposition_id=alle&altersklasse=u19&jahrgang=0&land_id=0&kontinent_id=0&jahr=2025&yt0=show&page=6
139,Ousmane Diallo,Borussia Dortmund II,Left Winger,1500000,17,https://www.transfermarkt.com/ousmane-diallo/profil/spieler/962149,https://www.transfermarkt.com/spieler-statistik/wertvollstespieler/marktwertetop/plus/0/galerie/0?ausrichtung=alle&spielerposition_id=alle&altersklasse=u19&jahrgang=0&land_id=0&kontinent_id=0&jahr=2025&yt0=show&page=6
140,Matteo Cocchi,Inter Milan Primavera,Left-Back,1500000,17,https://www.transfermarkt.com/matteo-cocchi/profil/spieler/988987,https://www.transfermarkt.com/spieler-statistik/wertvollstespieler/marktwertetop/plus/0/galerie/0?ausrichtung=alle&spielerposition_id=alle&altersklasse=u19&jahrgang=0&land_id=0&kontinent_id=0&jahr=2025&yt0=show&page=6
141,Sandro Vidigal,SC Braga,Right Winger,1500000,17,https://www.transfermarkt.com/sandro-vidigal/profil/spieler/1006448,https://www.transfermarkt.com/spieler-statistik/wertvollstespieler/marktwertetop/plus/0/galerie/0?ausrichtung=alle&spielerposition_id=alle&altersklasse=u19&jahrgang=0&land_id=0&kontinent_id=0&jahr=2025&yt0=show&page=6
142,Wojciech Mońka,Lech Poznan,Centre-Back,1500000,17,https://www.transfermarkt.com/wojciech-monka/profil/spieler/1007295,https://www.transfermarkt.com/spieler-statistik/wertvollstespieler/marktwertetop/plus/0/galerie/0?ausrichtung=alle&spielerposition_id=alle&altersklasse=u19&jahrgang=0&land_id=0&kontinent_id=0&jahr=2025&yt0=show&page=6
143,Zavier Gozo,Real Salt Lake City,Right Winger,1500000,17,https://www.transfermarkt.com/zavier-gozo/profil/spieler/1007383,https://www.transfermarkt.com/spieler-statistik/wertvollstespieler/marktwertetop/plus/0/galerie/0?ausrichtung=alle&spielerposition_id=alle&altersklasse=u19&jahrgang=0&land_id=0&kontinent_id=0&jahr=2025&yt0=show&page=6
144,Ognjen Bondzulic,FK Mladost Lucani,Left Winger,1500000,17,https://www.transfermarkt.com/ognjen-bondzulic/profil/spieler/1007573,https://www.transfermarkt.com/spieler-statistik/wertvollstespieler/marktwertetop/plus/0/galerie/0?ausrichtung=alle&spielerposition_id=alle&altersklasse=u19&jahrgang=0&land_id=0&kontinent_id=0&jahr=2025&yt0=show&page=6
145,Eman Košpo,FC Barcelona UEFA U19,Centre-Back,1500000,17,https://www.transfermarkt.com/eman-kospo/profil/spieler/1015822,https://www.transfermarkt.com/spieler-statistik/wertvollstespieler/marktwertetop/plus/0/galerie/0?ausrichtung=alle&spielerposition_id=alle&altersklasse=u19&jahrgang=0&land_id=0&kontinent_id=0&jahr=2025&yt0=show&page=6
146,Olti Hyseni,Sönderjyske Fodbold,Left Winger,1500000,17,https://www.transfermarkt.com/olti-hyseni/profil/spieler/1034532,https://www.transfermarkt.com/spieler-statistik/wertvollstespieler/marktwertetop/plus/0/galerie/0?ausrichtung=alle&spielerposition_id=alle&altersklasse=u19&jahrgang=0&land_id=0&kontinent_id=0&jahr=2025&yt0=show&page=6
147,Artem Stepanov,Bayer 04 Leverkusen,Centre-Forward,1500000,17,https://www.transfermarkt.com/artem-stepanov/profil/spieler/1045344,https://www.transfermarkt.com/spieler-statistik/wertvollstespieler/marktwertetop/plus/0/galerie/0?ausrichtung=alle&spielerposition_id=alle&altersklasse=u19&jahrgang=0&land_id=0&kontinent_id=0&jahr=2025&yt0=show&page=6
148,Ian Subiabre,CA River Plate,Right Winger,1500000,18,https://www.transfermarkt.com/ian-subiabre/profil/spieler/1074969,https://www.transfermarkt.com/spieler-statistik/wertvollstespieler/marktwertetop/plus/0/galerie/0?ausrichtung=alle&spielerposition_id=alle&altersklasse=u19&jahrgang=0&land_id=0&kontinent_id=0&jahr=2025&yt0=show&page=6
149,Pape Cabral,AS Monaco U19,Central Midfield,1500000,17,https://www.transfermarkt.com/pape-cabral/profil/spieler/1075588,https://www.transfermarkt.com/spieler-statistik/wertvollstespieler/marktwertetop/plus/0/galerie/0?ausrichtung=alle&spielerposition_id=alle&altersklasse=u19&jahrgang=0&land_id=0&kontinent_id=0&jahr=2025&yt0=show&page=6
150,Enzo Sternal,RSCA Futures,Attacking Midfield,1500000,17,https://www.transfermarkt.com/enzo-sternal/profil/spieler/1075589,https://www.transfermarkt.com/spieler-statistik/wertvollstespieler/marktwertetop/plus/0/galerie/0?ausrichtung=alle&spielerposition_id=alle&altersklasse=u19&jahrgang=0&land_id=0&kontinent_id=0&jahr=2025&yt0=show&page=6
151,Mirza Catovic,VfB Stuttgart II,Defensive Midfield,1500000,17,https://www.transfermarkt.com/mirza-catovic/profil/spieler/1131117,https://www.transfermarkt.com/spieler-statistik/wertvollstespieler/marktwertetop/plus/0/galerie/0?ausrichtung=alle&spielerposition_id=alle&altersklasse=u19&jahrgang=0&land_id=0&kontinent_id=0&jahr=2025&yt0=show&page=7
152,Jakub Pira,FC Banik Ostrava B,Centre-Forward,1500000,17,https://www.transfermarkt.com/jakub-pira/profil/spieler/1167425,https://www.transfermarkt.com/spieler-statistik/wertvollstespieler/marktwertetop/plus/0/galerie/0?ausrichtung=alle&spielerposition_id=alle&altersklasse=u19&jahrgang=0&land_id=0&kontinent_id=0&jahr=2025&yt0=show&page=7
153,Semm Renders,Royal Antwerp FC,Right-Back,1500000,17,https://www.transfermarkt.com/semm-renders/profil/spieler/1186563,https://www.transfermarkt.com/spieler-statistik/wertvollstespieler/marktwertetop/plus/0/galerie/0?ausrichtung=alle&spielerposition_id=alle&altersklasse=u19&jahrgang=0&land_id=0&kontinent_id=0&jahr=2025&yt0=show&page=7
154,Abdoulaye Camara,Montpellier HSC U19,Defensive Midfield,1500000,16,https://www.transfermarkt.com/abdoulaye-camara/profil/spieler/1210116,https://www.transfermarkt.com/spieler-statistik/wertvollstespieler/marktwertetop/plus/0/galerie/0?ausrichtung=alle&spielerposition_id=alle&altersklasse=u19&jahrgang=0&land_id=0&kontinent_id=0&jahr=2025&yt0=show&page=7
155,Elie Mbavu,Jong Genk,Centre-Back,1500000,15,https://www.transfermarkt.com/elie-mbavu/profil/spieler/1232104,https://www.transfermarkt.com/spieler-statistik/wertvollstespieler/marktwertetop/plus/0/galerie/0?ausrichtung=alle&spielerposition_id=alle&altersklasse=u19&jahrgang=0&land_id=0&kontinent_id=0&jahr=2025&yt0=show&page=7
156,Dieguinho,SC Corinthians U20,Right Winger,1500000,17,https://www.transfermarkt.com/dieguinho/profil/spieler/1257132,https://www.transfermarkt.com/spieler-statistik/wertvollstespieler/marktwertetop/plus/0/galerie/0?ausrichtung=alle&spielerposition_id=alle&altersklasse=u19&jahrgang=0&land_id=0&kontinent_id=0&jahr=2025&yt0=show&page=7
157,Jadiel Pereira da Gama,PEC Zwolle U17,Defensive Midfield,1500000,15,https://www.transfermarkt.com/jadiel-pereira-da-gama/profil/spieler/1347762,https://www.transfermarkt.com/spieler-statistik/wertvollstespieler/marktwertetop/plus/0/galerie/0?ausrichtung=alle&spielerposition_id=alle&altersklasse=u19&jahrgang=0&land_id=0&kontinent_id=0&jahr=2025&yt0=show&page=7
158,Tobías Andrada,CA Vélez Sarsfield II,Central Midfield,1500000,17,https://www.transfermarkt.com/tobias-andrada/profil/spieler/1384266,https://www.transfermarkt.com/spieler-statistik/wertvollstespieler/marktwertetop/plus/0/galerie/0?ausrichtung=alle&spielerposition_id=alle&altersklasse=u19&jahrgang=0&land_id=0&kontinent_id=0&jahr=2025&yt0=show&page=7
159,Luca Erlein,TSG 1899 Hoffenheim II,Right-Back,1300000,17,https://www.transfermarkt.com/luca-erlein/profil/spieler/1009442,https://www.transfermarkt.com/spieler-statistik/wertvollstespieler/marktwertetop/plus/0/galerie/0?ausrichtung=alle&spielerposition_id=alle&altersklasse=u19&jahrgang=0&land_id=0&kontinent_id=0&jahr=2025&yt0=show&page=7
160,Sol Sidibé,Stoke City,Central Midfield,1200000,17,https://www.transfermarkt.com/sol-sidibe/profil/spieler/962019,https://www.transfermarkt.com/spieler-statistik/wertvollstespieler/marktwertetop/plus/0/galerie/0?ausrichtung=alle&spielerposition_id=alle&altersklasse=u19&jahrgang=0&land_id=0&kontinent_id=0&jahr=2025&yt0=show&page=7
161,Guido Della Rovere,FC Bayern Munich II,Attacking Midfield,1200000,17,https://www.transfermarkt.com/guido-della-rovere/profil/spieler/1008568,https://www.transfermarkt.com/spieler-statistik/wertvollstespieler/marktwertetop/plus/0/galerie/0?ausrichtung=alle&spielerposition_id=alle&altersklasse=u19&jahrgang=0&land_id=0&kontinent_id=0&jahr=2025&yt0=show&page=7
162,James Wilson,Heart of Midlothian FC,Centre-Forward,1200000,17,https://www.transfermarkt.com/james-wilson/profil/spieler/1041600,https://www.transfermarkt.com/spieler-statistik/wertvollstespieler/marktwertetop/plus/0/galerie/0?ausrichtung=alle&spielerposition_id=alle&altersklasse=u19&jahrgang=0&land_id=0&kontinent_id=0&jahr=2025&yt0=show&page=7
163,Harrison Armstrong,Everton FC,Central Midfield,1200000,17,https://www.transfermarkt.com/harrison-armstrong/profil/spieler/1107733,https://www.transfermarkt.com/spieler-statistik/wertvollstespieler/marktwertetop/plus/0/galerie/0?ausrichtung=alle&spielerposition_id=alle&altersklasse=u19&jahrgang=0&land_id=0&kontinent_id=0&jahr=2025&yt0=show&page=7
164,Saba Kharebashvili,Dinamo Tbilisi,Left-Back,1200000,16,https://www.transfermarkt.com/saba-kharebashvili/profil/spieler/1193794,https://www.transfermarkt.com/spieler-statistik/wertvollstespieler/marktwertetop/plus/0/galerie/0?ausrichtung=alle&spielerposition_id=alle&altersklasse=u19&jahrgang=0&land_id=0&kontinent_id=0&jahr=2025&yt0=show&page=7
165,Virgilio Olaya,SD Aucas,Centre-Back,1200000,16,https://www.transfermarkt.com/virgilio-olaya/profil/spieler/1284965,https://www.transfermarkt.com/spieler-statistik/wertvollstespieler/marktwertetop/plus/0/galerie/0?ausrichtung=alle&spielerposition_id=alle&altersklasse=u19&jahrgang=0&land_id=0&kontinent_id=0&jahr=2025&yt0=show&page=7
166,Christian Zawieschitzky,AKA Red Bull Salzburg U18,Goalkeeper,1000000,17,https://www.transfermarkt.com/christian-zawieschitzky/profil/spieler/915421,https://www.transfermarkt.com/spieler-statistik/wertvollstespieler/marktwertetop/plus/0/galerie/0?ausrichtung=alle&spielerposition_id=alle&altersklasse=u19&jahrgang=0&land_id=0&kontinent_id=0&jahr=2025&yt0=show&page=7
167,Strahinja Stojkovic,Red Star Belgrade,Right-Back,1000000,17,https://www.transfermarkt.com/strahinja-stojkovic/profil/spieler/952770,https://www.transfermarkt.com/spieler-statistik/wertvollstespieler/marktwertetop/plus/0/galerie/0?ausrichtung=alle&spielerposition_id=alle&altersklasse=u19&jahrgang=0&land_id=0&kontinent_id=0&jahr=2025&yt0=show&page=7
168,Buba Sangaré,Roma U20,Right-Back,1000000,17,https://www.transfermarkt.com/buba-sangare/profil/spieler/962125,https://www.transfermarkt.com/spieler-statistik/wertvollstespieler/marktwertetop/plus/0/galerie/0?ausrichtung=alle&spielerposition_id=alle&altersklasse=u19&jahrgang=0&land_id=0&kontinent_id=0&jahr=2025&yt0=show&page=7
169,Aaron Bouwman,Ajax Amsterdam U21,Centre-Back,1000000,17,https://www.transfermarkt.com/aaron-bouwman/profil/spieler/987366,https://www.transfermarkt.com/spieler-statistik/wertvollstespieler/marktwertetop/plus/0/galerie/0?ausrichtung=alle&spielerposition_id=alle&altersklasse=u19&jahrgang=0&land_id=0&kontinent_id=0&jahr=2025&yt0=show&page=7
170,Massimo Pessina,Bologna Primavera,Goalkeeper,1000000,17,https://www.transfermarkt.com/massimo-pessina/profil/spieler/992569,https://www.transfermarkt.com/spieler-statistik/wertvollstespieler/marktwertetop/plus/0/galerie/0?ausrichtung=alle&spielerposition_id=alle&altersklasse=u19&jahrgang=0&land_id=0&kontinent_id=0&jahr=2025&yt0=show&page=7
171,Mason Melia,St. Patrick's Athletic,Centre-Forward,1000000,17,https://www.transfermarkt.com/mason-melia/profil/spieler/1005766,https://www.transfermarkt.com/spieler-statistik/wertvollstespieler/marktwertetop/plus/0/galerie/0?ausrichtung=alle&spielerposition_id=alle&altersklasse=u19&jahrgang=0&land_id=0&kontinent_id=0&jahr=2025&yt0=show&page=7
172,Ronan Kpakio,Cardiff City,Right-Back,1000000,17,https://www.transfermarkt.com/ronan-kpakio/profil/spieler/1005855,https://www.transfermarkt.com/spieler-statistik/wertvollstespieler/marktwertetop/plus/0/galerie/0?ausrichtung=alle&spielerposition_id=alle&altersklasse=u19&jahrgang=0&land_id=0&kontinent_id=0&jahr=2025&yt0=show&page=7
173,Federico Coletta,Roma U20,Central Midfield,1000000,17,https://www.transfermarkt.com/federico-coletta/profil/spieler/1008569,https://www.transfermarkt.com/spieler-statistik/wertvollstespieler/marktwertetop/plus/0/galerie/0?ausrichtung=alle&spielerposition_id=alle&altersklasse=u19&jahrgang=0&land_id=0&kontinent_id=0&jahr=2025&yt0=show&page=7
174,David Pejičić,Udinese Primavera,Attacking Midfield,1000000,17,https://www.transfermarkt.com/david-pejicic/profil/spieler/1009633,https://www.transfermarkt.com/spieler-statistik/wertvollstespieler/marktwertetop/plus/0/galerie/0?ausrichtung=alle&spielerposition_id=alle&altersklasse=u19&jahrgang=0&land_id=0&kontinent_id=0&jahr=2025&yt0=show&page=7
175,Jofre Torrents,FC Barcelona Atlètic,Left-Back,1000000,17,https://www.transfermarkt.com/jofre-torrents/profil/spieler/1009765,https://www.transfermarkt.com/spieler-statistik/wertvollstespieler/marktwertetop/plus/0/galerie/0?ausrichtung=alle&spielerposition_id=alle&altersklasse=u19&jahrgang=0&land_id=0&kontinent_id=0&jahr=2025&yt0=show&page=7
176,Jack Fletcher,Manchester United U18,Attacking Midfield,1000000,17,https://www.transfermarkt.com/jack-fletcher/profil/spieler/1011140,https://www.transfermarkt.com/spieler-statistik/wertvollstespieler/marktwertetop/plus/0/galerie/0?ausrichtung=alle&spielerposition_id=alle&altersklasse=u19&jahrgang=0&land_id=0&kontinent_id=0&jahr=2025&yt0=show&page=8
177,Jacob Ambæk,Bröndby IF,Centre-Forward,1000000,16,https://www.transfermarkt.com/jacob-ambaek/profil/spieler/1030382,https://www.transfermarkt.com/spieler-statistik/wertvollstespieler/marktwertetop/plus/0/galerie/0?ausrichtung=alle&spielerposition_id=alle&altersklasse=u19&jahrgang=0&land_id=0&kontinent_id=0&jahr=2025&yt0=show&page=8
178,Jonathan Shore,New York City FC,Central Midfield,1000000,17,https://www.transfermarkt.com/jonathan-shore/profil/spieler/1042945,https://www.transfermarkt.com/spieler-statistik/wertvollstespieler/marktwertetop/plus/0/galerie/0?ausrichtung=alle&spielerposition_id=alle&altersklasse=u19&jahrgang=0&land_id=0&kontinent_id=0&jahr=2025&yt0=show&page=8
179,Arda Ünyay,Galatasaray,Centre-Back,1000000,17,https://www.transfermarkt.com/arda-unyay/profil/spieler/1048118,https://www.transfermarkt.com/spieler-statistik/wertvollstespieler/marktwertetop/plus/0/galerie/0?ausrichtung=alle&spielerposition_id=alle&altersklasse=u19&jahrgang=0&land_id=0&kontinent_id=0&jahr=2025&yt0=show&page=8
180,Philipp Maybach,Austria Vienna,Defensive Midfield,1000000,17,https://www.transfermarkt.com/philipp-maybach/profil/spieler/1048618,https://www.transfermarkt.com/spieler-statistik/wertvollstespieler/marktwertetop/plus/0/galerie/0?ausrichtung=alle&spielerposition_id=alle&altersklasse=u19&jahrgang=0&land_id=0&kontinent_id=0&jahr=2025&yt0=show&page=8
181,Oumar Camara,Paris Saint-Germain U19,Left Winger,1000000,17,https://www.transfermarkt.com/oumar-camara/profil/spieler/1053206,https://www.transfermarkt.com/spieler-statistik/wertvollstespieler/marktwertetop/plus/0/galerie/0?ausrichtung=alle&spielerposition_id=alle&altersklasse=u19&jahrgang=0&land_id=0&kontinent_id=0&jahr=2025&yt0=show&page=8
182,Julian Hall,Red Bull New York,Centre-Forward,1000000,16,https://www.transfermarkt.com/julian-hall/profil/spieler/1054470,https://www.transfermarkt.com/spieler-statistik/wertvollstespieler/marktwertetop/plus/0/galerie/0?ausrichtung=alle&spielerposition_id=alle&altersklasse=u19&jahrgang=0&land_id=0&kontinent_id=0&jahr=2025&yt0=show&page=8
183,Enrique Aguilar,FC Liefering,Centre-Forward,1000000,17,https://www.transfermarkt.com/enrique-aguilar/profil/spieler/1057525,https://www.transfermarkt.com/spieler-statistik/wertvollstespieler/marktwertetop/plus/0/galerie/0?ausrichtung=alle&spielerposition_id=alle&altersklasse=u19&jahrgang=0&land_id=0&kontinent_id=0&jahr=2025&yt0=show&page=8
184,Thomas Campaniello,FC Empoli,Centre-Forward,1000000,16,https://www.transfermarkt.com/thomas-campaniello/profil/spieler/1058369,https://www.transfermarkt.com/spieler-statistik/wertvollstespieler/marktwertetop/plus/0/galerie/0?ausrichtung=alle&spielerposition_id=alle&altersklasse=u19&jahrgang=0&land_id=0&kontinent_id=0&jahr=2025&yt0=show&page=8
185,Montrell Culbreath,Bayer 04 Leverkusen U19,Right Winger,1000000,17,https://www.transfermarkt.com/montrell-culbreath/profil/spieler/1058514,https://www.transfermarkt.com/spieler-statistik/wertvollstespieler/marktwertetop/plus/0/galerie/0?ausrichtung=alle&spielerposition_id=alle&altersklasse=u19&jahrgang=0&land_id=0&kontinent_id=0&jahr=2025&yt0=show&page=8
186,Boris Mamuzah Lum,Hertha BSC II,Defensive Midfield,1000000,17,https://www.transfermarkt.com/boris-mamuzah-lum/profil/spieler/1067659,https://www.transfermarkt.com/spieler-statistik/wertvollstespieler/marktwertetop/plus/0/galerie/0?ausrichtung=alle&spielerposition_id=alle&altersklasse=u19&jahrgang=0&land_id=0&kontinent_id=0&jahr=2025&yt0=show&page=8
187,Bleon Kurtulus,Halmstads BK,Centre-Back,1000000,17,https://www.transfermarkt.com/bleon-kurtulus/profil/spieler/1069508,https://www.transfermarkt.com/spieler-statistik/wertvollstespieler/marktwertetop/plus/0/galerie/0?ausrichtung=alle&spielerposition_id=alle&altersklasse=u19&jahrgang=0&land_id=0&kontinent_id=0&jahr=2025&yt0=show&page=8
188,Moisés Paniagua,Club Always Ready,Left Winger,1000000,17,https://www.transfermarkt.com/moises-paniagua/profil/spieler/1072321,https://www.transfermarkt.com/spieler-statistik/wertvollstespieler/marktwertetop/plus/0/galerie/0?ausrichtung=alle&spielerposition_id=alle&altersklasse=u19&jahrgang=0&land_id=0&kontinent_id=0&jahr=2025&yt0=show&page=8
189,Filip Matijasevic,FK Cukaricki,Attacking Midfield,1000000,16,https://www.transfermarkt.com/filip-matijasevic/profil/spieler/1073631,https://www.transfermarkt.com/spieler-statistik/wertvollstespieler/marktwertetop/plus/0/galerie/0?ausrichtung=alle&spielerposition_id=alle&altersklasse=u19&jahrgang=0&land_id=0&kontinent_id=0&jahr=2025&yt0=show&page=8
190,Luka Zaric,Red Star Belgrade U17,Right Winger,1000000,16,https://www.transfermarkt.com/luka-zaric/profil/spieler/1073633,https://www.transfermarkt.com/spieler-statistik/wertvollstespieler/marktwertetop/plus/0/galerie/0?ausrichtung=alle&spielerposition_id=alle&altersklasse=u19&jahrgang=0&land_id=0&kontinent_id=0&jahr=2025&yt0=show&page=8
191,Mathys Niflore,Toulouse FC B,Goalkeeper,1000000,17,https://www.transfermarkt.com/mathys-niflore/profil/spieler/1075580,https://www.transfermarkt.com/spieler-statistik/wertvollstespieler/marktwertetop/plus/0/galerie/0?ausrichtung=alle&spielerposition_id=alle&altersklasse=u19&jahrgang=0&land_id=0&kontinent_id=0&jahr=2025&yt0=show&page=8
192,Rayane Messi,Racing Strasbourg B,Left Winger,1000000,17,https://www.transfermarkt.com/rayane-messi/profil/spieler/1075590,https://www.transfermarkt.com/spieler-statistik/wertvollstespieler/marktwertetop/plus/0/galerie/0?ausrichtung=alle&spielerposition_id=alle&altersklasse=u19&jahrgang=0&land_id=0&kontinent_id=0&jahr=2025&yt0=show&page=8
193,Johannes Moser,AKA Red Bull Salzburg U18,Left Winger,1000000,16,https://www.transfermarkt.com/johannes-moser/profil/spieler/1078649,https://www.transfermarkt.com/spieler-statistik/wertvollstespieler/marktwertetop/plus/0/galerie/0?ausrichtung=alle&spielerposition_id=alle&altersklasse=u19&jahrgang=0&land_id=0&kontinent_id=0&jahr=2025&yt0=show&page=8
194,Lucca Brughmans,Jong Genk,Goalkeeper,1000000,16,https://www.transfermarkt.com/lucca-brughmans/profil/spieler/1105547,https://www.transfermarkt.com/spieler-statistik/wertvollstespieler/marktwertetop/plus/0/galerie/0?ausrichtung=alle&spielerposition_id=alle&altersklasse=u19&jahrgang=0&land_id=0&kontinent_id=0&jahr=2025&yt0=show&page=8
195,Youssef Hamdaoui,Royal Antwerp FC,Central Midfield,1000000,16,https://www.transfermarkt.com/youssef-hamdaoui/profil/spieler/1112904,https://www.transfermarkt.com/spieler-statistik/wertvollstespieler/marktwertetop/plus/0/galerie/0?ausrichtung=alle&spielerposition_id=alle&altersklasse=u19&jahrgang=0&land_id=0&kontinent_id=0&jahr=2025&yt0=show&page=8
196,David Santos Daiber,FC Bayern Munich U19,Defensive Midfield,1000000,17,https://www.transfermarkt.com/david-santos-daiber/profil/spieler/1118495,https://www.transfermarkt.com/spieler-statistik/wertvollstespieler/marktwertetop/plus/0/galerie/0?ausrichtung=alle&spielerposition_id=alle&altersklasse=u19&jahrgang=0&land_id=0&kontinent_id=0&jahr=2025&yt0=show&page=8
197,Josef Kolarik,FC Sellier & Bellot Vlasim,Right Winger,1000000,17,https://www.transfermarkt.com/josef-kolarik/profil/spieler/1122556,https://www.transfermarkt.com/spieler-statistik/wertvollstespieler/marktwertetop/plus/0/galerie/0?ausrichtung=alle&spielerposition_id=alle&altersklasse=u19&jahrgang=0&land_id=0&kontinent_id=0&jahr=2025&yt0=show&page=8
198,Håkon Volden,Rosenborg BK,Centre-Back,1000000,17,https://www.transfermarkt.com/hakon-volden/profil/spieler/1126113,https://www.transfermarkt.com/spieler-statistik/wertvollstespieler/marktwertetop/plus/0/galerie/0?ausrichtung=alle&spielerposition_id=alle&altersklasse=u19&jahrgang=0&land_id=0&kontinent_id=0&jahr=2025&yt0=show&page=8
199,Daniel Banjaqui,SL Benfica B,Right-Back,1000000,16,https://www.transfermarkt.com/daniel-banjaqui/profil/spieler/1134199,https://www.transfermarkt.com/spieler-statistik/wertvollstespieler/marktwertetop/plus/0/galerie/0?ausrichtung=alle&spielerposition_id=alle&altersklasse=u19&jahrgang=0&land_id=0&kontinent_id=0&jahr=2025&yt0=show&page=8
200,Cardoso Varela,GNK Dinamo Zagreb,Left Winger,1000000,16,https://www.transfermarkt.com/cardoso-varela/profil/spieler/1134201,https://www.transfermarkt.com/spieler-statistik/wertvollstespieler/marktwertetop/plus/0/galerie/0?ausrichtung=alle&spielerposition_id=alle&altersklasse=u19&jahrgang=0&land_id=0&kontinent_id=0&jahr=2025&yt0=show&page=8
