checked_at,player_name,transfermarkt_team,position,market_value_eur,mws_name,event_name,labels,current_bid_eur,current_bid_usd,end_date_utc,slug,url
2026-09-19T09:16:58.953497+00:00,El Hadji Malick Diouf,SK Slavia Prague,Left-Back,28000000,El Hadji Malick Diouf,AFC Bournemouth - Brentford,"Worn, Signed",139,160,2026-09-19T14:00:00Z,el-hadji-malick-diouf-ent9pLip90ma9IqtGZRZXw,https://mws.com/us/product/el-hadji-malick-diouf-ent9pLip90ma9IqtGZRZXw
2026-09-19T09:16:58.953497+00:00,Paul Wanner,1.FC Heidenheim 1846,Attacking Midfield,18000000,Paul Wanner,PSV - Sparta Rotterdam,"Worn, Signed",220,253,2026-09-19T14:30:00Z,paul-wanner-Et--DnZ9b0C9iPMd9Lt1aQ,https://mws.com/us/product/paul-wanner-Et--DnZ9b0C9iPMd9Lt1aQ
2026-09-19T09:16:58.953497+00:00,Zeno Debast,Sporting CP,Centre-Back,30000000,Zeno Debast,Sporting CP - Galatasaray S.K.,"Worn, Signed",332,381,2026-09-19T15:00:00Z,zeno-debast-KQz1LbAQH0GtrJqjkFn1lQ,https://mws.com/us/product/zeno-debast-KQz1LbAQH0GtrJqjkFn1lQ
2026-09-19T09:16:58.953497+00:00,Estêvão,Sociedade Esportiva Palmeiras,Right Winger,80000000,Estêvão,Chelsea - Leeds United,"Worn, Signed",1342,1542,2026-09-19T18:00:00Z,estevao-EE2HnliVb0CF1DCJ8U_0zg,https://mws.com/us/product/estevao-EE2HnliVb0CF1DCJ8U_0zg
2026-09-19T09:16:58.953497+00:00,Jamie Gittens,Borussia Dortmund,Left Winger,50000000,Jamie Gittens,Chelsea - Leeds United,"Worn, Signed",277,318,2026-09-19T18:00:00Z,jamie-gittens-ySOCbzD0UUyVVqeuMz7OmQ,https://mws.com/us/product/jamie-gittens-ySOCbzD0UUyVVqeuMz7OmQ
2026-09-19T09:16:58.953497+00:00,Levi Colwill,Chelsea FC,Centre-Back,55000000,Levi Colwill,Chelsea - Leeds United,"Worn, Signed",263,302,2026-09-19T18:00:00Z,levi-colwill-Esryz5aGsUm45JZ9fc8bJg,https://mws.com/us/product/levi-colwill-Esryz5aGsUm45JZ9fc8bJg
2026-09-19T09:16:58.953497+00:00,Malo Gusto,Chelsea FC,Right-Back,35000000,Malo Gusto,Chelsea - Leeds United,"Worn, Signed",376,432,2026-09-19T18:00:00Z,malo-gusto-CpRto501r0mfeWArxmyxLQ,https://mws.com/us/product/malo-gusto-CpRto501r0mfeWArxmyxLQ
2026-09-19T09:16:58.953497+00:00,Valentín Barco,RC Strasbourg Alsace,Central Midfield,25000000,Valentín Barco,Chelsea - Leeds United,"Issued, Signed",457,528,2026-09-19T18:00:00Z,valentin-barco-rv8h-4VilUypKS8EWvj3Mw-41,https://mws.com/us/product/valentin-barco-rv8h-4VilUypKS8EWvj3Mw-41
2026-09-19T09:16:58.953497+00:00,Arthur Vermeeren,RB Leipzig,Defensive Midfield,28000000,Arthur Vermeeren,Club Brugge - Royal Antwerp FC,"Worn, Signed",215,249,2026-09-20T11:30:00Z,arthur-vermeeren-xOifgLikeki4iCjaFQ9-2Q,https://mws.com/us/product/arthur-vermeeren-xOifgLikeki4iCjaFQ9-2Q
2026-09-19T09:16:58.953497+00:00,Davide Bartesaghi,AC Milan,Left-Back,18000000,Davide Bartesaghi,SS Lazio - AC Milan,Issued,166,191,2026-09-21T16:00:00Z,davide-bartesaghi-OmlPRjhnRk-UJUp24kQuLQ,https://mws.com/us/product/davide-bartesaghi-OmlPRjhnRk-UJUp24kQuLQ
2026-09-19T09:16:58.953497+00:00,Diego Moreira,RC Strasbourg Alsace,Left Midfield,18000000,Diego Moreira,SS Lazio - AC Milan,Issued,378,436,2026-09-21T16:00:00Z,diego-moreira-a96GIPK000CcpslZVTXzqQ,https://mws.com/us/product/diego-moreira-a96GIPK000CcpslZVTXzqQ
2026-09-19T09:16:58.953497+00:00,Désiré Doué,Paris Saint-Germain,Right Winger,90000000,Désiré Doué,Stade Brestois 29 - Paris Saint-Germain,"Issued, Signed",372,427,2026-09-22T14:00:00Z,desire-doue-b0vFiS8ieE2Pi2WUMCYciA,https://mws.com/us/product/desire-doue-b0vFiS8ieE2Pi2WUMCYciA
2026-09-19T09:16:58.953497+00:00,Lucas Beraldo,Paris Saint-Germain,Centre-Back,25000000,Lucas Beraldo,Stade Brestois 29 - Paris Saint-Germain,"Issued, Signed",199,229,2026-09-22T14:00:00Z,lucas-beraldo-FmvicIHl90OI5434CSt5fw,https://mws.com/us/product/lucas-beraldo-FmvicIHl90OI5434CSt5fw
2026-09-19T09:16:58.953497+00:00,Warren Zaïre-Emery,Paris Saint-Germain,Central Midfield,55000000,Warren Zaïre-Emery,Stade Brestois 29 - Paris Saint-Germain,"Worn, Signed",621,713,2026-09-22T14:00:00Z,warren-zaire-emery-aYuKfMuQpUCAmN2dVX-p6Q,https://mws.com/us/product/warren-zaire-emery-aYuKfMuQpUCAmN2dVX-p6Q
2026-09-19T09:16:58.953497+00:00,Franco Mastantuono,CA River Plate,Right Winger,50000000,Franco Mastantuono,Venezia FC - ACF Fiorentina,"Worn, Signed",2451,2815,2026-09-22T16:30:00Z,franco-mastantuono-sUDXceaFT0Ca5yg9Xs_70w,https://mws.com/us/product/franco-mastantuono-sUDXceaFT0Ca5yg9Xs_70w
2026-09-19T09:16:58.953497+00:00,Wilfried Gnonto,Leeds United,Right Winger,22000000,Wilfried Gnonto,Venezia FC - ACF Fiorentina,"Worn, Signed",140,161,2026-09-22T16:30:00Z,wilfried-gnonto-01Mm2sSRbkWZ2QduApucdA,https://mws.com/us/product/wilfried-gnonto-01Mm2sSRbkWZ2QduApucdA
2026-09-19T09:16:58.953497+00:00,El Hadji Malick Diouf,SK Slavia Prague,Left-Back,28000000,El Hadji Malick Diouf,Reading - Brentford,"Worn, Signed",95,109,2026-09-22T19:00:00Z,el-hadji-malick-diouf--hzp7vJR4EG4V6lkxixk2A,https://mws.com/us/product/el-hadji-malick-diouf--hzp7vJR4EG4V6lkxixk2A
2026-09-19T09:16:58.953497+00:00,William Gomes,FC Porto,Right Winger,20000000,William Gomes,Casa Pia AC - FC Porto,"Worn, Signed",110,127,2026-09-23T00:00:00Z,william-gomes-MuSZoRkhy0SPQ6o3NZxPOA,https://mws.com/us/product/william-gomes-MuSZoRkhy0SPQ6o3NZxPOA
2026-09-19T09:16:58.953497+00:00,Archie Gray,Tottenham Hotspur,Right-Back,38000000,Archie Gray,Tottenham Hotspur - Everton,"Worn, Signed",221,254,2026-09-23T16:30:00Z,archie-gray-mSeObCIJVUaB8QK-ikeO8Q,https://mws.com/us/product/archie-gray-mSeObCIJVUaB8QK-ikeO8Q
2026-09-19T09:16:58.953497+00:00,Lucas Bergvall,Tottenham Hotspur,Central Midfield,40000000,Lucas Bergvall,Tottenham Hotspur - Everton,"Issued, Signed",293,339,2026-09-23T16:30:00Z,lucas-bergvall-AUzeSyCAJE-mtF0OnVZawA,https://mws.com/us/product/lucas-bergvall-AUzeSyCAJE-mtF0OnVZawA
2026-09-19T09:16:58.953497+00:00,Mateus Fernandes,Southampton FC,Central Midfield,32000000,Mateus Fernandes,Tottenham Hotspur - Everton,"Worn, Signed",291,334,2026-09-23T16:30:00Z,mateus-fernandes-wuXXRGElMU2TxXn0oKVQZQ,https://mws.com/us/product/mateus-fernandes-wuXXRGElMU2TxXn0oKVQZQ
2026-09-19T09:16:58.953497+00:00,Mathys Tel,Tottenham Hotspur,Left Winger,40000000,Mathys Tel,Tottenham Hotspur - Everton,"Worn, Signed",342,392,2026-09-23T16:30:00Z,mathys-tel-0XmSInpcj0e2IOmUgQ6unQ,https://mws.com/us/product/mathys-tel-0XmSInpcj0e2IOmUgQ6unQ
2026-09-19T09:16:58.953497+00:00,Estêvão,Sociedade Esportiva Palmeiras,Right Winger,80000000,Estêvão,Chelsea - Hull City,"Worn, Signed",963,1104,2026-09-23T17:00:00Z,estevao-MQ1pyHlGpUS51PlAnoo6MA,https://mws.com/us/product/estevao-MQ1pyHlGpUS51PlAnoo6MA
2026-09-19T09:16:58.953497+00:00,Jorrel Hato,Ajax Amsterdam,Left-Back,40000000,Jorrel Hato,Chelsea - Hull City,"Worn, Signed",184,212,2026-09-23T17:00:00Z,jorrel-hato-nMwTg5cbX0mDtk6t6U9PAA,https://mws.com/us/product/jorrel-hato-nMwTg5cbX0mDtk6t6U9PAA
2026-09-19T09:16:58.953497+00:00,Levi Colwill,Chelsea FC,Centre-Back,55000000,Levi Colwill,Chelsea - Hull City,"Worn, Signed",193,221,2026-09-23T17:00:00Z,levi-colwill-vsfskrQkxkaIDDm1Dle0Gw,https://mws.com/us/product/levi-colwill-vsfskrQkxkaIDDm1Dle0Gw
2026-09-19T09:16:58.953497+00:00,Malo Gusto,Chelsea FC,Right-Back,35000000,Malo Gusto,Chelsea - Hull City,"Worn, Signed",220,253,2026-09-23T17:00:00Z,malo-gusto-w-92f6UFakawwDI2BSNzYA,https://mws.com/us/product/malo-gusto-w-92f6UFakawwDI2BSNzYA
2026-09-19T09:16:58.953497+00:00,Lucas Stassin,AS Saint-Étienne,Centre-Forward,18000000,Lucas Stassin,Sevilla FC - Valencia CF,"Worn, Signed",94,108,2026-09-23T19:00:00Z,lucas-stassin-9SZn0WJSe0OczXB3gqrCcw,https://mws.com/us/product/lucas-stassin-9SZn0WJSe0OczXB3gqrCcw
2026-09-19T09:16:58.953497+00:00,Zeno Debast,Sporting CP,Centre-Back,30000000,Zeno Debast,FC Famalicão - Sporting CP,"Worn, Signed",111,129,2026-09-25T00:00:00Z,zeno-debast-G20GVYTWk0O6yVSNG1g-vQ,https://mws.com/us/product/zeno-debast-G20GVYTWk0O6yVSNG1g-vQ
2026-09-19T09:16:58.953497+00:00,Davide Bartesaghi,AC Milan,Left-Back,18000000,Davide Bartesaghi,AC Milan - SL Benfica,Worn,166,191,2026-09-25T16:00:00Z,davide-bartesaghi-EG0gMQnEjUef6MOOoStLtQ,https://mws.com/us/product/davide-bartesaghi-EG0gMQnEjUef6MOOoStLtQ
2026-09-19T09:16:58.953497+00:00,Diego Moreira,RC Strasbourg Alsace,Left Midfield,18000000,Diego Moreira,AC Milan - SL Benfica,Issued,177,203,2026-09-25T16:00:00Z,diego-moreira-jYVOtJn_QUSKmx_4xRheyA,https://mws.com/us/product/diego-moreira-jYVOtJn_QUSKmx_4xRheyA
2026-09-19T09:16:58.953497+00:00,Lucas Stassin,AS Saint-Étienne,Centre-Forward,18000000,Lucas Stassin,RC Deportivo - Sevilla FC,"Worn, Signed",135,155,2026-09-26T11:00:00Z,lucas-stassin-AVYANPa9h0-dbXLssYcayg,https://mws.com/us/product/lucas-stassin-AVYANPa9h0-dbXLssYcayg
2026-09-19T09:16:58.953497+00:00,Abdul Fatawu,Leicester City,Right Winger,20000000,Abdul Fatawu ,Crystal Palace - Ipswich Town,"Worn, Signed",144,165,2026-09-27T14:00:00Z,abdul-fatawu-6qPgAjBAx02cXkkbWZJYpQ,https://mws.com/us/product/abdul-fatawu-6qPgAjBAx02cXkkbWZJYpQ
2026-09-19T09:16:58.953497+00:00,Julio Enciso,Brighton & Hove Albion,Attacking Midfield,22000000,Julio Enciso,Crystal Palace - Ipswich Town,"Worn, Signed",226,259,2026-09-27T14:00:00Z,julio-enciso-zCUmBKiZ_EOxlMXpOH-YlQ,https://mws.com/us/product/julio-enciso-zCUmBKiZ_EOxlMXpOH-YlQ
2026-09-19T09:16:58.953497+00:00,Archie Gray,Tottenham Hotspur,Right-Back,38000000,Archie Gray,Liverpool - Tottenham Hotspur,"Worn, Signed",139,159,2026-09-27T15:00:00Z,archie-gray-T5qIlFGVxEiPrI_bhRNszA,https://mws.com/us/product/archie-gray-T5qIlFGVxEiPrI_bhRNszA
2026-09-19T09:16:58.953497+00:00,Lucas Bergvall,Tottenham Hotspur,Central Midfield,40000000,Lucas Bergvall,Liverpool - Tottenham Hotspur,"Issued, Signed",151,173,2026-09-27T15:00:00Z,lucas-bergvall-gdMVksOjSUuGW-juQ86ASQ-34,https://mws.com/us/product/lucas-bergvall-gdMVksOjSUuGW-juQ86ASQ-34
2026-09-19T09:16:58.953497+00:00,Mateus Fernandes,Southampton FC,Central Midfield,32000000,Mateus Fernandes,Liverpool - Tottenham Hotspur,"Worn, Signed",138,158,2026-09-27T15:00:00Z,mateus-fernandes-tRuMwjc1cEi-ubYbuS-GkA,https://mws.com/us/product/mateus-fernandes-tRuMwjc1cEi-ubYbuS-GkA
2026-09-19T09:16:58.953497+00:00,Mathys Tel,Tottenham Hotspur,Left Winger,40000000,Mathys Tel,Liverpool - Tottenham Hotspur,"Issued, Signed",35,41,2026-09-27T15:00:00Z,mathys-tel-TTqZ9UQHfE-36E8LmBED4g-75,https://mws.com/us/product/mathys-tel-TTqZ9UQHfE-36E8LmBED4g-75
2026-09-19T09:16:58.953497+00:00,Estêvão,Sociedade Esportiva Palmeiras,Right Winger,80000000,Estêvão,Brentford - Chelsea,"Issued, Signed",430,494,2026-09-27T17:00:00Z,estevao-8hrJcyFGkEy_MraYnBuDZQ,https://mws.com/us/product/estevao-8hrJcyFGkEy_MraYnBuDZQ
2026-09-19T09:16:58.953497+00:00,Geovany Quenda,Sporting CP,Right Winger,45000000,Geovany Quenda,Brentford - Chelsea,"Issued, Signed",172,197,2026-09-27T17:00:00Z,geovany-quenda-c-SiJxxBuUagQgAJXLPguA,https://mws.com/us/product/geovany-quenda-c-SiJxxBuUagQgAJXLPguA
2026-09-19T09:16:58.953497+00:00,Levi Colwill,Chelsea FC,Centre-Back,55000000,Levi Colwill,Brentford - Chelsea,"Worn, Signed",271,310,2026-09-27T17:00:00Z,levi-colwill-SOK5Psjb4kGOUvgfHnPxVw,https://mws.com/us/product/levi-colwill-SOK5Psjb4kGOUvgfHnPxVw
2026-09-19T09:16:58.953497+00:00,Valentín Barco,RC Strasbourg Alsace,Central Midfield,25000000,Valentín Barco,Brentford - Chelsea,"Worn, Signed",187,215,2026-09-27T17:00:00Z,valentin-barco-xzv-QXbfrEG1tz-xA1SDtQ,https://mws.com/us/product/valentin-barco-xzv-QXbfrEG1tz-xA1SDtQ
2026-09-19T09:16:58.953497+00:00,Jhon Durán,Aston Villa,Centre-Forward,35000000,Jhon Durán,AC Milan - SL Benfica,"Worn, Signed",262,300,2026-09-28T19:00:00Z,jhon-duran-yopQZZ00pkGDZVWclhF3yw,https://mws.com/us/product/jhon-duran-yopQZZ00pkGDZVWclhF3yw
2026-09-19T09:16:58.953497+00:00,Sindre Walle Egeli,FC Nordsjaelland,Right Winger,20000000,Sindre Walle Egeli,Ipswich Town - Arsenal,"Worn, Signed",138,158,2026-09-29T17:00:00Z,sindre-walle-egeli-FB8XuiQKEUqdnhVJlh4ILg,https://mws.com/us/product/sindre-walle-egeli-FB8XuiQKEUqdnhVJlh4ILg
2026-09-19T09:16:58.953497+00:00,El Hadji Malick Diouf,SK Slavia Prague,Left-Back,28000000,El Hadji Malick Diouf,Brentford - Chelsea,"Worn, Signed",50,57,2026-10-09T19:00:00Z,el-hadji-malick-diouf-oL47xm27b02ZjYUBrMp0gg,https://mws.com/us/product/el-hadji-malick-diouf-oL47xm27b02ZjYUBrMp0gg
